id,name,line,date,duration,port,stops,price,price_note,source,official,promo,status,source_url,flight_out_date,flight_return_date,flight_route,flight_cost_2,flight_source,flight_source_url,trip_total_2,trip_total_note,price_currency,verification_note,flight_search_url
SD-01,Disney Wonder — Baja,Disney Cruise Line,2027-02-15,4 nights,"San Diego, CA",Catalina Island; Ensenada; San Diego,"$4,570","Interior snapshot $2,285/person; total is 2 × snapshot (re-confirmed unchanged 2026-08-28 pass 2)","CruiseTimetables per-sailing index + official line voyage deep link (pass 2, 2026-08-28)",https://disneycruise.disney.go.com/cruises-destinations/list/DW2236/4-Night-Baja-Cruise-from-San-Diego/2027-02-15-Disney-Wonder/,No sailing-specific promo for these 2027 Baja sailings found in indexed sources (accessed 2026-08-28). DCL publishes periodic resident / military / restricted-fare offers; check the official Special Offers page before booking,VERIFIED PASS 2 · 2026-08-28 — Schedule + price snapshot (line-by-line),https://www.cruisetimetables.com/cruisesondisneywonder-15feb2027.html,2027-02-14,2027-02-20,SFO → SAN → SFO,$312 planning estimate,KAYAK route data: KAYAK route data (page accessed 2026-08-28): planning basis $156/person round trip; typical range $134–$287; cheapest round-trip observed $78,https://www.kayak.com/flight-routes/San-Francisco-SFO/San-Diego-SAN,"$4,882","Cruise snapshot + 2-adult flight planning estimate (SFO out the day before, back the day after); live quotes required for both.",USD,"Re-verified line by line 2026-08-28 (pass 2) against the sailing's own schedule-index page (date, duration, port sequence, interior per-person price) plus the official voyage deep link. Snapshot ≠ live quote; cabin class, taxes/fees and availability must be confirmed on the official page.",https://www.google.com/travel/flights?q=Flights%20from%20SFO%20to%20SAN%202027-02-14%2C%20return%202027-02-20%20for%202%20adults
SD-02,Disney Wonder — Baja,Disney Cruise Line,2027-02-19,3 nights,"San Diego, CA",Ensenada; San Diego,"$2,656","Interior snapshot $1,328/person; total is 2 × snapshot (was $1,754/person in the Aug 27–28 first sweep — price_drop)","CruiseTimetables per-sailing index + official line voyage deep link (pass 2, 2026-08-28)",https://disneycruise.disney.go.com/cruises-destinations/list/DW2237/3-Night-Baja-Cruise-from-San-Diego/2027-02-19-Disney-Wonder/,No sailing-specific promo for these 2027 Baja sailings found in indexed sources (accessed 2026-08-28). DCL publishes periodic resident / military / restricted-fare offers; check the official Special Offers page before booking,VERIFIED PASS 2 · 2026-08-28 — Schedule + price snapshot (line-by-line),https://www.cruisetimetables.com/cruisesondisneywonder-19feb2027.html,2027-02-18,2027-02-23,SFO → SAN → SFO,$312 planning estimate,KAYAK route data: KAYAK route data (page accessed 2026-08-28): planning basis $156/person round trip; typical range $134–$287; cheapest round-trip observed $78,https://www.kayak.com/flight-routes/San-Francisco-SFO/San-Diego-SAN,"$2,968","Cruise snapshot + 2-adult flight planning estimate (SFO out the day before, back the day after); live quotes required for both.",USD,"Re-verified line by line 2026-08-28 (pass 2) against the sailing's own schedule-index page (date, duration, port sequence, interior per-person price) plus the official voyage deep link. Snapshot ≠ live quote; cabin class, taxes/fees and availability must be confirmed on the official page.",https://www.google.com/travel/flights?q=Flights%20from%20SFO%20to%20SAN%202027-02-18%2C%20return%202027-02-23%20for%202%20adults
SD-03,Disney Wonder — Baja,Disney Cruise Line,2027-02-22,4 nights,"San Diego, CA",Ensenada; San Diego,"$2,948","Interior snapshot $1,474/person; total is 2 × snapshot (was $1,858/person in the Aug 27–28 first sweep — price_drop)","CruiseTimetables per-sailing index + official line voyage deep link (pass 2, 2026-08-28)",https://disneycruise.disney.go.com/cruises-destinations/list/DW2238/4-Night-Baja-Cruise-from-San-Diego/2027-02-22-Disney-Wonder/,No sailing-specific promo for these 2027 Baja sailings found in indexed sources (accessed 2026-08-28). DCL publishes periodic resident / military / restricted-fare offers; check the official Special Offers page before booking,VERIFIED PASS 2 · 2026-08-28 — Schedule + price snapshot (line-by-line),https://www.cruisetimetables.com/cruisesondisneywonder-22feb2027.html,2027-02-21,2027-02-27,SFO → SAN → SFO,$312 planning estimate,KAYAK route data: KAYAK route data (page accessed 2026-08-28): planning basis $156/person round trip; typical range $134–$287; cheapest round-trip observed $78,https://www.kayak.com/flight-routes/San-Francisco-SFO/San-Diego-SAN,"$3,260","Cruise snapshot + 2-adult flight planning estimate (SFO out the day before, back the day after); live quotes required for both.",USD,"Re-verified line by line 2026-08-28 (pass 2) against the sailing's own schedule-index page (date, duration, port sequence, interior per-person price) plus the official voyage deep link. Snapshot ≠ live quote; cabin class, taxes/fees and availability must be confirmed on the official page.",https://www.google.com/travel/flights?q=Flights%20from%20SFO%20to%20SAN%202027-02-21%2C%20return%202027-02-27%20for%202%20adults
SD-04,Disney Wonder — Baja,Disney Cruise Line,2027-02-26,3 nights,"San Diego, CA",Ensenada; San Diego,"$2,656","Interior snapshot $1,328/person; total is 2 × snapshot (was $1,754/person in the Aug 27–28 first sweep — price_drop)","CruiseTimetables per-sailing index + official line voyage deep link (pass 2, 2026-08-28)",https://disneycruise.disney.go.com/cruises-destinations/list/DW2239/3-Night-Baja-Cruise-from-San-Diego/2027-02-26-Disney-Wonder/,No sailing-specific promo for these 2027 Baja sailings found in indexed sources (accessed 2026-08-28). DCL publishes periodic resident / military / restricted-fare offers; check the official Special Offers page before booking,VERIFIED PASS 2 · 2026-08-28 — Schedule + price snapshot (line-by-line),https://www.cruisetimetables.com/cruisesondisneywonder-26feb2027.html,2027-02-25,2027-03-02,SFO → SAN → SFO,$312 planning estimate,KAYAK route data: KAYAK route data (page accessed 2026-08-28): planning basis $156/person round trip; typical range $134–$287; cheapest round-trip observed $78,https://www.kayak.com/flight-routes/San-Francisco-SFO/San-Diego-SAN,"$2,968","Cruise snapshot + 2-adult flight planning estimate (SFO out the day before, back the day after); live quotes required for both.",USD,"Re-verified line by line 2026-08-28 (pass 2) against the sailing's own schedule-index page (date, duration, port sequence, interior per-person price) plus the official voyage deep link. Snapshot ≠ live quote; cabin class, taxes/fees and availability must be confirmed on the official page.",https://www.google.com/travel/flights?q=Flights%20from%20SFO%20to%20SAN%202027-02-25%2C%20return%202027-03-02%20for%202%20adults
SD-05,Disney Wonder — Baja,Disney Cruise Line,2027-03-01,4 nights,"San Diego, CA",Catalina Island; Ensenada; San Diego,"$3,822","Interior snapshot $1,911/person; total is 2 × snapshot (re-confirmed unchanged 2026-08-28 pass 2)","CruiseTimetables per-sailing index + official line voyage deep link (pass 2, 2026-08-28)",https://disneycruise.disney.go.com/cruises-destinations/list/DW2240/4-Night-Baja-Cruise-from-San-Diego/2027-03-01-Disney-Wonder/,No sailing-specific promo for these 2027 Baja sailings found in indexed sources (accessed 2026-08-28). DCL publishes periodic resident / military / restricted-fare offers; check the official Special Offers page before booking,VERIFIED PASS 2 · 2026-08-28 — Schedule + price snapshot (line-by-line),https://www.cruisetimetables.com/cruisesondisneywonder-01mar2027.html,2027-02-28,2027-03-06,SFO → SAN → SFO,$312 planning estimate,KAYAK route data: KAYAK route data (page accessed 2026-08-28): planning basis $156/person round trip; typical range $134–$287; cheapest round-trip observed $78,https://www.kayak.com/flight-routes/San-Francisco-SFO/San-Diego-SAN,"$4,134","Cruise snapshot + 2-adult flight planning estimate (SFO out the day before, back the day after); live quotes required for both.",USD,"Re-verified line by line 2026-08-28 (pass 2) against the sailing's own schedule-index page (date, duration, port sequence, interior per-person price) plus the official voyage deep link. Snapshot ≠ live quote; cabin class, taxes/fees and availability must be confirmed on the official page.",https://www.google.com/travel/flights?q=Flights%20from%20SFO%20to%20SAN%202027-02-28%2C%20return%202027-03-06%20for%202%20adults
SD-06,Disney Wonder — Baja,Disney Cruise Line,2027-03-05,3 nights,"San Diego, CA",Ensenada; San Diego,"$3,568","Interior snapshot $1,784/person; total is 2 × snapshot (re-confirmed unchanged 2026-08-28 pass 2)","CruiseTimetables per-sailing index + official line voyage deep link (pass 2, 2026-08-28)",https://disneycruise.disney.go.com/cruises-destinations/list/DW2241/3-Night-Baja-Cruise-from-San-Diego/2027-03-05-Disney-Wonder/,No sailing-specific promo for these 2027 Baja sailings found in indexed sources (accessed 2026-08-28). DCL publishes periodic resident / military / restricted-fare offers; check the official Special Offers page before booking,VERIFIED PASS 2 · 2026-08-28 — Schedule + price snapshot (line-by-line),https://www.cruisetimetables.com/cruisesondisneywonder-05mar2027.html,2027-03-04,2027-03-09,SFO → SAN → SFO,$312 planning estimate,KAYAK route data: KAYAK route data (page accessed 2026-08-28): planning basis $156/person round trip; typical range $134–$287; cheapest round-trip observed $78,https://www.kayak.com/flight-routes/San-Francisco-SFO/San-Diego-SAN,"$3,880","Cruise snapshot + 2-adult flight planning estimate (SFO out the day before, back the day after); live quotes required for both.",USD,"Re-verified line by line 2026-08-28 (pass 2) against the sailing's own schedule-index page (date, duration, port sequence, interior per-person price) plus the official voyage deep link. Snapshot ≠ live quote; cabin class, taxes/fees and availability must be confirmed on the official page.",https://www.google.com/travel/flights?q=Flights%20from%20SFO%20to%20SAN%202027-03-04%2C%20return%202027-03-09%20for%202%20adults
SD-07,Disney Wonder — Mexican Riviera,Disney Cruise Line,2027-03-12,7 nights,"San Diego, CA",Puerto Vallarta; Cabo San Lucas; Ensenada; San Diego,"$6,860","Interior snapshot $3,430/person; total is 2 × snapshot (was $1,645/person in the Aug 27–28 first sweep — price_increase)","CruiseTimetables per-sailing index + official line voyage deep link (pass 2, 2026-08-28)",https://disneycruise.disney.go.com/cruises-destinations/list/DW2243/7-Night-Mexican-Riviera-Cruise-from-San-Diego/2027-03-12-Disney-Wonder/,No sailing-specific promo for these 2027 Baja sailings found in indexed sources (accessed 2026-08-28). DCL publishes periodic resident / military / restricted-fare offers; check the official Special Offers page before booking,VERIFIED PASS 2 · 2026-08-28 — Schedule + price snapshot (line-by-line),https://www.cruisetimetables.com/cruisesondisneywonder-12mar2027.html,2027-03-11,2027-03-20,SFO → SAN → SFO,$312 planning estimate,KAYAK route data: KAYAK route data (page accessed 2026-08-28): planning basis $156/person round trip; typical range $134–$287; cheapest round-trip observed $78,https://www.kayak.com/flight-routes/San-Francisco-SFO/San-Diego-SAN,"$7,172","Cruise snapshot + 2-adult flight planning estimate (SFO out the day before, back the day after); live quotes required for both.",USD,"Re-verified line by line 2026-08-28 (pass 2) against the sailing's own schedule-index page (date, duration, port sequence, interior per-person price) plus the official voyage deep link. Snapshot ≠ live quote; cabin class, taxes/fees and availability must be confirmed on the official page.",https://www.google.com/travel/flights?q=Flights%20from%20SFO%20to%20SAN%202027-03-11%2C%20return%202027-03-20%20for%202%20adults
SD-08,Disney Wonder — Baja,Disney Cruise Line,2027-03-19,3 nights,"San Diego, CA",Ensenada; San Diego,"$3,892","Interior snapshot $1,946/person; total is 2 × snapshot (re-confirmed unchanged 2026-08-28 pass 2)","CruiseTimetables per-sailing index + official line voyage deep link (pass 2, 2026-08-28)",https://disneycruise.disney.go.com/cruises-destinations/list/DW2244/3-Night-Baja-Cruise-from-San-Diego/2027-03-19-Disney-Wonder/,No sailing-specific promo for these 2027 Baja sailings found in indexed sources (accessed 2026-08-28). DCL publishes periodic resident / military / restricted-fare offers; check the official Special Offers page before booking,VERIFIED PASS 2 · 2026-08-28 — Schedule + price snapshot (line-by-line),https://www.cruisetimetables.com/cruisesondisneywonder-19mar2027.html,2027-03-18,2027-03-23,SFO → SAN → SFO,$312 planning estimate,KAYAK route data: KAYAK route data (page accessed 2026-08-28): planning basis $156/person round trip; typical range $134–$287; cheapest round-trip observed $78,https://www.kayak.com/flight-routes/San-Francisco-SFO/San-Diego-SAN,"$4,204","Cruise snapshot + 2-adult flight planning estimate (SFO out the day before, back the day after); live quotes required for both.",USD,"Re-verified line by line 2026-08-28 (pass 2) against the sailing's own schedule-index page (date, duration, port sequence, interior per-person price) plus the official voyage deep link. Snapshot ≠ live quote; cabin class, taxes/fees and availability must be confirmed on the official page.",https://www.google.com/travel/flights?q=Flights%20from%20SFO%20to%20SAN%202027-03-18%2C%20return%202027-03-23%20for%202%20adults
SD-09,Disney Wonder — Baja,Disney Cruise Line,2027-03-22,4 nights,"San Diego, CA",Ensenada; San Diego,"$5,648","Interior snapshot $2,824/person; total is 2 × snapshot (re-confirmed unchanged 2026-08-28 pass 2)","CruiseTimetables per-sailing index + official line voyage deep link (pass 2, 2026-08-28)",https://disneycruise.disney.go.com/cruises-destinations/list/DW2245/4-Night-Baja-Cruise-from-San-Diego/2027-03-22-Disney-Wonder/,No sailing-specific promo for these 2027 Baja sailings found in indexed sources (accessed 2026-08-28). DCL publishes periodic resident / military / restricted-fare offers; check the official Special Offers page before booking,VERIFIED PASS 2 · 2026-08-28 — Schedule + price snapshot (line-by-line),https://www.cruisetimetables.com/cruisesondisneywonder-22mar2027.html,2027-03-21,2027-03-27,SFO → SAN → SFO,$312 planning estimate,KAYAK route data: KAYAK route data (page accessed 2026-08-28): planning basis $156/person round trip; typical range $134–$287; cheapest round-trip observed $78,https://www.kayak.com/flight-routes/San-Francisco-SFO/San-Diego-SAN,"$5,960","Cruise snapshot + 2-adult flight planning estimate (SFO out the day before, back the day after); live quotes required for both.",USD,"Re-verified line by line 2026-08-28 (pass 2) against the sailing's own schedule-index page (date, duration, port sequence, interior per-person price) plus the official voyage deep link. Snapshot ≠ live quote; cabin class, taxes/fees and availability must be confirmed on the official page.",https://www.google.com/travel/flights?q=Flights%20from%20SFO%20to%20SAN%202027-03-21%2C%20return%202027-03-27%20for%202%20adults
SD-10,Disney Wonder — Baja,Disney Cruise Line,2027-03-26,3 nights,"San Diego, CA",Catalina Island; Ensenada; San Diego,"$4,682","Interior snapshot $2,341/person; total is 2 × snapshot (was $1,754/person in the Aug 27–28 first sweep — price_increase)","CruiseTimetables per-sailing index + official line voyage deep link (pass 2, 2026-08-28)",https://disneycruise.disney.go.com/cruises-destinations/list/DW2246/3-Night-Baja-Cruise-from-San-Diego/2027-03-26-Disney-Wonder/,No sailing-specific promo for these 2027 Baja sailings found in indexed sources (accessed 2026-08-28). DCL publishes periodic resident / military / restricted-fare offers; check the official Special Offers page before booking,CORRECTED + VERIFIED PASS 2 · 2026-08-28 — stops fixed to Catalina + Ensenada,https://www.cruisetimetables.com/cruisesondisneywonder-26mar2027.html,2027-03-25,2027-03-30,SFO → SAN → SFO,$312 planning estimate,KAYAK route data: KAYAK route data (page accessed 2026-08-28): planning basis $156/person round trip; typical range $134–$287; cheapest round-trip observed $78,https://www.kayak.com/flight-routes/San-Francisco-SFO/San-Diego-SAN,"$4,994","Cruise snapshot + 2-adult flight planning estimate (SFO out the day before, back the day after); live quotes required for both.",USD,"CORRECTED 2026-08-28 pass 2: the 3-Night Baja voyage departing 2027-03-26 calls at Catalina Island and Ensenada (DW2246); prior listing omitted Catalina. Interior snapshot $2,341pp (was $1,754pp). Snapshot ≠ live quote.",https://www.google.com/travel/flights?q=Flights%20from%20SFO%20to%20SAN%202027-03-25%2C%20return%202027-03-30%20for%202%20adults
SD-11,Disney Wonder — Baja,Disney Cruise Line,2027-03-29,4 nights,"San Diego, CA",Ensenada; San Diego,"$5,712","Interior snapshot $2,856/person; total is 2 × snapshot (was $1,676/person in the Aug 27–28 first sweep — price_increase)","CruiseTimetables per-sailing index + official line voyage deep link (pass 2, 2026-08-28)",https://disneycruise.disney.go.com/cruises-destinations/list/DW2247/4-Night-Baja-Cruise-from-San-Diego/2027-03-29-Disney-Wonder/,No sailing-specific promo for these 2027 Baja sailings found in indexed sources (accessed 2026-08-28). DCL publishes periodic resident / military / restricted-fare offers; check the official Special Offers page before booking,VERIFIED PASS 2 · 2026-08-28 — Schedule + price snapshot (line-by-line),https://www.cruisetimetables.com/cruisesondisneywonder-29mar2027.html,2027-03-28,2027-04-03,SFO → SAN → SFO,$312 planning estimate,KAYAK route data: KAYAK route data (page accessed 2026-08-28): planning basis $156/person round trip; typical range $134–$287; cheapest round-trip observed $78,https://www.kayak.com/flight-routes/San-Francisco-SFO/San-Diego-SAN,"$6,024","Cruise snapshot + 2-adult flight planning estimate (SFO out the day before, back the day after); live quotes required for both.",USD,"Re-verified line by line 2026-08-28 (pass 2) against the sailing's own schedule-index page (date, duration, port sequence, interior per-person price) plus the official voyage deep link. Snapshot ≠ live quote; cabin class, taxes/fees and availability must be confirmed on the official page.",https://www.google.com/travel/flights?q=Flights%20from%20SFO%20to%20SAN%202027-03-28%2C%20return%202027-04-03%20for%202%20adults
SD-12,Serenade of the Seas — Ensenada,Royal Caribbean,2027-02-18,3 nights,"San Diego, CA",Ensenada; San Diego,$670,Interior snapshot $335/person; total is 2 × snapshot (was $288/person in the Aug 27–28 first sweep — price_increase),"CruiseTimetables per-sailing index + official line voyage deep link (pass 2, 2026-08-28)",https://www.royalcaribbean.com/cruises/itinerary/3-night-ensenada-from-san-diego-on-serenade/SR03SAN-2087072271?sail-date=2027-02-18&currency=USD,Official deals page (accessed 2026-08-28): Mexico sailings from LA advertised from $289; 2026 last-minute deals from $299; Kids Sail Free on select sailings; resident / 55+ / military / police & EMT rates. Sailing-specific applicability not verified: royalcaribbean.com/cruise-deals,VERIFIED PASS 2 · 2026-08-28 — Schedule + price snapshot (line-by-line),https://www.cruisetimetables.com/cruisesonserenadeoftheseas-18feb2027.html,2027-02-17,2027-02-22,SFO → SAN → SFO,$312 planning estimate,KAYAK route data: KAYAK route data (page accessed 2026-08-28): planning basis $156/person round trip; typical range $134–$287; cheapest round-trip observed $78,https://www.kayak.com/flight-routes/San-Francisco-SFO/San-Diego-SAN,$982,"Cruise snapshot + 2-adult flight planning estimate (SFO out the day before, back the day after); live quotes required for both.",USD,"Re-verified line by line 2026-08-28 (pass 2) against the sailing's own schedule-index page (date, duration, port sequence, interior per-person price) plus the official voyage deep link. Snapshot ≠ live quote; cabin class, taxes/fees and availability must be confirmed on the official page.",https://www.google.com/travel/flights?q=Flights%20from%20SFO%20to%20SAN%202027-02-17%2C%20return%202027-02-22%20for%202%20adults
SD-13,Serenade of the Seas — Catalina & Ensenada,Royal Caribbean,2027-02-21,4 nights,"San Diego, CA",Catalina Island; Ensenada; San Diego,$658,Interior snapshot $329/person; total is 2 × snapshot (was $342/person in the Aug 27–28 first sweep — price_drop),"CruiseTimetables per-sailing index + official line voyage deep link (pass 2, 2026-08-28)",https://www.royalcaribbean.com/cruises/itinerary/4-night-catalina-ensenada-from-san-diego-on-serenade/SR04SAN-3051025153?sail-date=2027-02-21&currency=USD,Official deals page (accessed 2026-08-28): Mexico sailings from LA advertised from $289; 2026 last-minute deals from $299; Kids Sail Free on select sailings; resident / 55+ / military / police & EMT rates. Sailing-specific applicability not verified: royalcaribbean.com/cruise-deals,VERIFIED PASS 2 · 2026-08-28 — Schedule + price snapshot (line-by-line),https://www.cruisetimetables.com/cruisesonserenadeoftheseas-21feb2027.html,2027-02-20,2027-02-26,SFO → SAN → SFO,$312 planning estimate,KAYAK route data: KAYAK route data (page accessed 2026-08-28): planning basis $156/person round trip; typical range $134–$287; cheapest round-trip observed $78,https://www.kayak.com/flight-routes/San-Francisco-SFO/San-Diego-SAN,$970,"Cruise snapshot + 2-adult flight planning estimate (SFO out the day before, back the day after); live quotes required for both.",USD,"Re-verified line by line 2026-08-28 (pass 2) against the sailing's own schedule-index page (date, duration, port sequence, interior per-person price) plus the official voyage deep link. Snapshot ≠ live quote; cabin class, taxes/fees and availability must be confirmed on the official page.",https://www.google.com/travel/flights?q=Flights%20from%20SFO%20to%20SAN%202027-02-20%2C%20return%202027-02-26%20for%202%20adults
SD-14,Serenade of the Seas — Ensenada,Royal Caribbean,2027-02-25,3 nights,"San Diego, CA",Ensenada; San Diego,$670,Interior snapshot $335/person; total is 2 × snapshot (re-confirmed unchanged 2026-08-28 pass 2),"CruiseTimetables per-sailing index + official line voyage deep link (pass 2, 2026-08-28)",https://www.royalcaribbean.com/cruises/itinerary/3-night-ensenada-from-san-diego-on-serenade/SR03SAN-2087072271?sail-date=2027-02-25&currency=USD,Official deals page (accessed 2026-08-28): Mexico sailings from LA advertised from $289; 2026 last-minute deals from $299; Kids Sail Free on select sailings; resident / 55+ / military / police & EMT rates. Sailing-specific applicability not verified: royalcaribbean.com/cruise-deals,VERIFIED PASS 2 · 2026-08-28 — Schedule + price snapshot (line-by-line),https://www.cruisetimetables.com/cruisesonserenadeoftheseas-25feb2027.html,2027-02-24,2027-03-01,SFO → SAN → SFO,$312 planning estimate,KAYAK route data: KAYAK route data (page accessed 2026-08-28): planning basis $156/person round trip; typical range $134–$287; cheapest round-trip observed $78,https://www.kayak.com/flight-routes/San-Francisco-SFO/San-Diego-SAN,$982,"Cruise snapshot + 2-adult flight planning estimate (SFO out the day before, back the day after); live quotes required for both.",USD,"Re-verified line by line 2026-08-28 (pass 2) against the sailing's own schedule-index page (date, duration, port sequence, interior per-person price) plus the official voyage deep link. Snapshot ≠ live quote; cabin class, taxes/fees and availability must be confirmed on the official page.",https://www.google.com/travel/flights?q=Flights%20from%20SFO%20to%20SAN%202027-02-24%2C%20return%202027-03-01%20for%202%20adults
SD-15,Serenade of the Seas — Catalina & Ensenada,Royal Caribbean,2027-03-07,4 nights,"San Diego, CA",Catalina Island; Ensenada; San Diego,$698,Interior snapshot $349/person; total is 2 × snapshot (was $359/person in the Aug 27–28 first sweep — price_drop),"CruiseTimetables per-sailing index + official line voyage deep link (pass 2, 2026-08-28)",https://www.royalcaribbean.com/cruises/itinerary/4-night-catalina-ensenada-from-san-diego-on-serenade/SR04SAN-3051025153?sail-date=2027-03-07&currency=USD,Official deals page (accessed 2026-08-28): Mexico sailings from LA advertised from $289; 2026 last-minute deals from $299; Kids Sail Free on select sailings; resident / 55+ / military / police & EMT rates. Sailing-specific applicability not verified: royalcaribbean.com/cruise-deals,VERIFIED PASS 2 · 2026-08-28 — Schedule + price snapshot (line-by-line),https://www.cruisetimetables.com/cruisesonserenadeoftheseas-07mar2027.html,2027-03-06,2027-03-12,SFO → SAN → SFO,$312 planning estimate,KAYAK route data: KAYAK route data (page accessed 2026-08-28): planning basis $156/person round trip; typical range $134–$287; cheapest round-trip observed $78,https://www.kayak.com/flight-routes/San-Francisco-SFO/San-Diego-SAN,"$1,010","Cruise snapshot + 2-adult flight planning estimate (SFO out the day before, back the day after); live quotes required for both.",USD,"Re-verified line by line 2026-08-28 (pass 2) against the sailing's own schedule-index page (date, duration, port sequence, interior per-person price) plus the official voyage deep link. Snapshot ≠ live quote; cabin class, taxes/fees and availability must be confirmed on the official page.",https://www.google.com/travel/flights?q=Flights%20from%20SFO%20to%20SAN%202027-03-06%2C%20return%202027-03-12%20for%202%20adults
SD-16,Serenade of the Seas — Ensenada,Royal Caribbean,2027-03-11,3 nights,"San Diego, CA",Ensenada; San Diego,$670,Interior snapshot $335/person; total is 2 × snapshot (was $349/person in the Aug 27–28 first sweep — price_drop),"CruiseTimetables per-sailing index + official line voyage deep link (pass 2, 2026-08-28)",https://www.royalcaribbean.com/cruises/itinerary/3-night-ensenada-from-san-diego-on-serenade/SR03SAN-2087072271?sail-date=2027-03-11&currency=USD,Official deals page (accessed 2026-08-28): Mexico sailings from LA advertised from $289; 2026 last-minute deals from $299; Kids Sail Free on select sailings; resident / 55+ / military / police & EMT rates. Sailing-specific applicability not verified: royalcaribbean.com/cruise-deals,VERIFIED PASS 2 · 2026-08-28 — Schedule + price snapshot (line-by-line),https://www.cruisetimetables.com/cruisesonserenadeoftheseas-11mar2027.html,2027-03-10,2027-03-15,SFO → SAN → SFO,$312 planning estimate,KAYAK route data: KAYAK route data (page accessed 2026-08-28): planning basis $156/person round trip; typical range $134–$287; cheapest round-trip observed $78,https://www.kayak.com/flight-routes/San-Francisco-SFO/San-Diego-SAN,$982,"Cruise snapshot + 2-adult flight planning estimate (SFO out the day before, back the day after); live quotes required for both.",USD,"Re-verified line by line 2026-08-28 (pass 2) against the sailing's own schedule-index page (date, duration, port sequence, interior per-person price) plus the official voyage deep link. Snapshot ≠ live quote; cabin class, taxes/fees and availability must be confirmed on the official page.",https://www.google.com/travel/flights?q=Flights%20from%20SFO%20to%20SAN%202027-03-10%2C%20return%202027-03-15%20for%202%20adults
SD-17,Serenade of the Seas — Catalina & Ensenada,Royal Caribbean,2027-03-14,4 nights,"San Diego, CA",Catalina Island; Ensenada; San Diego,$698,Interior snapshot $349/person; total is 2 × snapshot (was $363/person in the Aug 27–28 first sweep — price_drop),"CruiseTimetables per-sailing index + official line voyage deep link (pass 2, 2026-08-28)",https://www.royalcaribbean.com/cruises/itinerary/4-night-catalina-ensenada-from-san-diego-on-serenade/SR04SAN-3051025153?sail-date=2027-03-14&currency=USD,Official deals page (accessed 2026-08-28): Mexico sailings from LA advertised from $289; 2026 last-minute deals from $299; Kids Sail Free on select sailings; resident / 55+ / military / police & EMT rates. Sailing-specific applicability not verified: royalcaribbean.com/cruise-deals,VERIFIED PASS 2 · 2026-08-28 — Schedule + price snapshot (line-by-line),https://www.cruisetimetables.com/cruisesonserenadeoftheseas-14mar2027.html,2027-03-13,2027-03-19,SFO → SAN → SFO,$312 planning estimate,KAYAK route data: KAYAK route data (page accessed 2026-08-28): planning basis $156/person round trip; typical range $134–$287; cheapest round-trip observed $78,https://www.kayak.com/flight-routes/San-Francisco-SFO/San-Diego-SAN,"$1,010","Cruise snapshot + 2-adult flight planning estimate (SFO out the day before, back the day after); live quotes required for both.",USD,"Re-verified line by line 2026-08-28 (pass 2) against the sailing's own schedule-index page (date, duration, port sequence, interior per-person price) plus the official voyage deep link. Snapshot ≠ live quote; cabin class, taxes/fees and availability must be confirmed on the official page.",https://www.google.com/travel/flights?q=Flights%20from%20SFO%20to%20SAN%202027-03-13%2C%20return%202027-03-19%20for%202%20adults
SD-18,Serenade of the Seas — Ensenada,Royal Caribbean,2027-03-18,3 nights,"San Diego, CA",Ensenada; San Diego,$670,Interior snapshot $335/person; total is 2 × snapshot (re-confirmed unchanged 2026-08-28 pass 2),"CruiseTimetables per-sailing index + official line voyage deep link (pass 2, 2026-08-28)",https://www.royalcaribbean.com/cruises/itinerary/3-night-ensenada-from-san-diego-on-serenade/SR03SAN-2087072271?sail-date=2027-03-18&currency=USD,Official deals page (accessed 2026-08-28): Mexico sailings from LA advertised from $289; 2026 last-minute deals from $299; Kids Sail Free on select sailings; resident / 55+ / military / police & EMT rates. Sailing-specific applicability not verified: royalcaribbean.com/cruise-deals,VERIFIED PASS 2 · 2026-08-28 — Schedule + price snapshot (line-by-line),https://www.cruisetimetables.com/cruisesonserenadeoftheseas-18mar2027.html,2027-03-17,2027-03-22,SFO → SAN → SFO,$312 planning estimate,KAYAK route data: KAYAK route data (page accessed 2026-08-28): planning basis $156/person round trip; typical range $134–$287; cheapest round-trip observed $78,https://www.kayak.com/flight-routes/San-Francisco-SFO/San-Diego-SAN,$982,"Cruise snapshot + 2-adult flight planning estimate (SFO out the day before, back the day after); live quotes required for both.",USD,"Re-verified line by line 2026-08-28 (pass 2) against the sailing's own schedule-index page (date, duration, port sequence, interior per-person price) plus the official voyage deep link. Snapshot ≠ live quote; cabin class, taxes/fees and availability must be confirmed on the official page.",https://www.google.com/travel/flights?q=Flights%20from%20SFO%20to%20SAN%202027-03-17%2C%20return%202027-03-22%20for%202%20adults
SD-19,Serenade of the Seas — Catalina & Ensenada,Royal Caribbean,2027-03-21,4 nights,"San Diego, CA",Catalina Island; Ensenada; San Diego,$692,Interior snapshot $346/person; total is 2 × snapshot (was $359/person in the Aug 27–28 first sweep — price_drop),"CruiseTimetables per-sailing index + official line voyage deep link (pass 2, 2026-08-28)",https://www.royalcaribbean.com/cruises/itinerary/4-night-catalina-ensenada-from-san-diego-on-serenade/SR04SAN-3051025153?sail-date=2027-03-21&currency=USD,Official deals page (accessed 2026-08-28): Mexico sailings from LA advertised from $289; 2026 last-minute deals from $299; Kids Sail Free on select sailings; resident / 55+ / military / police & EMT rates. Sailing-specific applicability not verified: royalcaribbean.com/cruise-deals,VERIFIED PASS 2 · 2026-08-28 — Schedule + price snapshot (line-by-line),https://www.cruisetimetables.com/cruisesonserenadeoftheseas-21mar2027.html,2027-03-20,2027-03-26,SFO → SAN → SFO,$312 planning estimate,KAYAK route data: KAYAK route data (page accessed 2026-08-28): planning basis $156/person round trip; typical range $134–$287; cheapest round-trip observed $78,https://www.kayak.com/flight-routes/San-Francisco-SFO/San-Diego-SAN,"$1,004","Cruise snapshot + 2-adult flight planning estimate (SFO out the day before, back the day after); live quotes required for both.",USD,"Re-verified line by line 2026-08-28 (pass 2) against the sailing's own schedule-index page (date, duration, port sequence, interior per-person price) plus the official voyage deep link. Snapshot ≠ live quote; cabin class, taxes/fees and availability must be confirmed on the official page.",https://www.google.com/travel/flights?q=Flights%20from%20SFO%20to%20SAN%202027-03-20%2C%20return%202027-03-26%20for%202%20adults
SD-20,Serenade of the Seas — Ensenada,Royal Caribbean,2027-03-25,3 nights,"San Diego, CA",Ensenada; San Diego,$670,Interior snapshot $335/person; total is 2 × snapshot (re-confirmed unchanged 2026-08-28 pass 2),"CruiseTimetables per-sailing index + official line voyage deep link (pass 2, 2026-08-28)",https://www.royalcaribbean.com/cruises/itinerary/3-night-ensenada-from-san-diego-on-serenade/SR03SAN-2087072271?sail-date=2027-03-25&currency=USD,Official deals page (accessed 2026-08-28): Mexico sailings from LA advertised from $289; 2026 last-minute deals from $299; Kids Sail Free on select sailings; resident / 55+ / military / police & EMT rates. Sailing-specific applicability not verified: royalcaribbean.com/cruise-deals,VERIFIED PASS 2 · 2026-08-28 — Schedule + price snapshot (line-by-line),https://www.cruisetimetables.com/cruisesonserenadeoftheseas-25mar2027.html,2027-03-24,2027-03-29,SFO → SAN → SFO,$312 planning estimate,KAYAK route data: KAYAK route data (page accessed 2026-08-28): planning basis $156/person round trip; typical range $134–$287; cheapest round-trip observed $78,https://www.kayak.com/flight-routes/San-Francisco-SFO/San-Diego-SAN,$982,"Cruise snapshot + 2-adult flight planning estimate (SFO out the day before, back the day after); live quotes required for both.",USD,"Re-verified line by line 2026-08-28 (pass 2) against the sailing's own schedule-index page (date, duration, port sequence, interior per-person price) plus the official voyage deep link. Snapshot ≠ live quote; cabin class, taxes/fees and availability must be confirmed on the official page.",https://www.google.com/travel/flights?q=Flights%20from%20SFO%20to%20SAN%202027-03-24%2C%20return%202027-03-29%20for%202%20adults
SD-21,"Serenade of the Seas — 7-Night Ensenada, Cabo & La Paz",Royal Caribbean,2027-03-28,7 nights,"San Diego, CA",La Paz; Cabo San Lucas; Ensenada,"$1,298",Interior snapshot $649/person; total is 2 × snapshot (was $529/person in the Aug 27–28 first sweep — price_increase),"CruiseTimetables per-sailing index + official line voyage deep link (pass 2, 2026-08-28)","https://www.royalcaribbean.com/cruises/itinerary/7-night-ensenada,-cabo-la-paz-from-san-diego-on-serenade/SR07SAN-394531984?sail-date=2027-03-28&currency=USD",Official deals page (accessed 2026-08-28): Mexico sailings from LA advertised from $289; 2026 last-minute deals from $299; Kids Sail Free on select sailings; resident / 55+ / military / police & EMT rates. Sailing-specific applicability not verified: royalcaribbean.com/cruise-deals,"CORRECTED + VERIFIED PASS 2 · 2026-08-28 — itinerary fixed to Ensenada, Cabo & La Paz",https://www.cruisetimetables.com/cruisesonserenadeoftheseas-28mar2027.html,2027-03-27,2027-04-05,SFO → SAN → SFO,$312 planning estimate,KAYAK route data: KAYAK route data (page accessed 2026-08-28): planning basis $156/person round trip; typical range $134–$287; cheapest round-trip observed $78,https://www.kayak.com/flight-routes/San-Francisco-SFO/San-Diego-SAN,"$1,610","Cruise snapshot + 2-adult flight planning estimate (SFO out the day before, back the day after); live quotes required for both.",USD,"CORRECTED 2026-08-28 pass 2: prior listing said 'Ensenada, Cabo & Mazatlán' — the per-sailing index and official deep link (SR07SAN-394531984) show the March 28 voyage calls La Paz, Cabo San Lucas and Ensenada. Interior snapshot $649pp (was $529pp). Snapshot ≠ live quote.",https://www.google.com/travel/flights?q=Flights%20from%20SFO%20to%20SAN%202027-03-27%2C%20return%202027-04-05%20for%202%20adults
SD-22,Koningsdam — Baja Peninsula,Holland America Line,2027-03-20,7 nights,"San Diego, CA",Cabo San Lucas; La Paz; Mazatlán,"$1,998","Interior snapshot $999/person; total is 2 × snapshot (was $1,044/person in the Aug 27–28 first sweep — price_drop)","CruiseTimetables per-sailing index + official line voyage deep link (pass 2, 2026-08-28)",https://www.hollandamerica.com/en/us/find-a-cruise/m7s07a/k717,"Official site (accessed 2026-08-28): 'Save on Sunshine' up to 40% off + up to $400 onboard credit (Mexico eligible; book by Aug 31, 2026); 'Have It All' Early Booking Bonus on select 2027 fares. Sailing-specific applicability not verified: hollandamerica.com",VERIFIED PASS 2 · 2026-08-28 — Schedule + price snapshot (line-by-line),https://www.cruisetimetables.com/cruisesonkoningsdam-20mar2027.html,2027-03-19,2027-03-28,SFO → SAN → SFO,$312 planning estimate,KAYAK route data: KAYAK route data (page accessed 2026-08-28): planning basis $156/person round trip; typical range $134–$287; cheapest round-trip observed $78,https://www.kayak.com/flight-routes/San-Francisco-SFO/San-Diego-SAN,"$2,310","Cruise snapshot + 2-adult flight planning estimate (SFO out the day before, back the day after); live quotes required for both.",USD,"Re-verified line by line 2026-08-28 (pass 2) against the sailing's own schedule-index page (date, duration, port sequence, interior per-person price) plus the official voyage deep link. Snapshot ≠ live quote; cabin class, taxes/fees and availability must be confirmed on the official page.",https://www.google.com/travel/flights?q=Flights%20from%20SFO%20to%20SAN%202027-03-19%2C%20return%202027-03-28%20for%202%20adults
SD-23,Koningsdam — Mexican Riviera & Baja Peninsula,Holland America Line,2027-03-20,14 nights,"San Diego, CA",Cabo San Lucas; La Paz; Mazatlán; San Diego; Cabo San Lucas; Mazatlán; Puerto Vallarta; San Diego,"$3,888","Interior snapshot $1,944/person; total is 2 × snapshot (was $1,974/person in the Aug 27–28 first sweep — price_drop)","CruiseTimetables per-sailing index + official line voyage deep link (pass 2, 2026-08-28)",https://www.hollandamerica.com/en/us/find-a-cruise/m7s14a/k717b,"Official site (accessed 2026-08-28): 'Save on Sunshine' up to 40% off + up to $400 onboard credit (Mexico eligible; book by Aug 31, 2026); 'Have It All' Early Booking Bonus on select 2027 fares. Sailing-specific applicability not verified: hollandamerica.com",VERIFIED PASS 2 · 2026-08-28 — Schedule + price snapshot (line-by-line),https://www.cruisetimetables.com/cruisesonkoningsdam-20mar2027.html,2027-03-19,2027-04-04,SFO → SAN → SFO,$312 planning estimate,KAYAK route data: KAYAK route data (page accessed 2026-08-28): planning basis $156/person round trip; typical range $134–$287; cheapest round-trip observed $78,https://www.kayak.com/flight-routes/San-Francisco-SFO/San-Diego-SAN,"$4,200","Cruise snapshot + 2-adult flight planning estimate (SFO out the day before, back the day after); live quotes required for both.",USD,"Re-verified line by line 2026-08-28 (pass 2) against the sailing's own schedule-index page (date, duration, port sequence, interior per-person price) plus the official voyage deep link. Snapshot ≠ live quote; cabin class, taxes/fees and availability must be confirmed on the official page.",https://www.google.com/travel/flights?q=Flights%20from%20SFO%20to%20SAN%202027-03-19%2C%20return%202027-04-04%20for%202%20adults
SD-24,Koningsdam — 18-night Baja & Pacific Coast,Holland America Line,2027-03-20,18 nights,"San Diego, CA",Cabo San Lucas; La Paz; Mazatlán; San Diego; Cabo San Lucas; Mazatlán; Puerto Vallarta; San Diego; Victoria; Vancouver,"$3,978","Interior snapshot $1,989/person; total is 2 × snapshot (was $2,059/person in the Aug 27–28 first sweep — price_drop)","CruiseTimetables per-sailing index + official line voyage deep link (pass 2, 2026-08-28)",https://www.hollandamerica.com/en/us/find-a-cruise/m7s18a/k717a,"Official site (accessed 2026-08-28): 'Save on Sunshine' up to 40% off + up to $400 onboard credit (Mexico eligible; book by Aug 31, 2026); 'Have It All' Early Booking Bonus on select 2027 fares. Sailing-specific applicability not verified: hollandamerica.com",VERIFIED PASS 2 · 2026-08-28 — Schedule + price snapshot (line-by-line),https://www.cruisetimetables.com/cruisesonkoningsdam-20mar2027.html,2027-03-19,2027-04-08,SFO → SAN → SFO,$312 planning estimate,KAYAK route data: KAYAK route data (page accessed 2026-08-28): planning basis $156/person round trip; typical range $134–$287; cheapest round-trip observed $78,https://www.kayak.com/flight-routes/San-Francisco-SFO/San-Diego-SAN,"$4,290","Cruise snapshot + 2-adult flight planning estimate (SFO out the day before, back the day after); live quotes required for both.",USD,"Re-verified line by line 2026-08-28 (pass 2) against the sailing's own schedule-index page (date, duration, port sequence, interior per-person price) plus the official voyage deep link. Snapshot ≠ live quote; cabin class, taxes/fees and availability must be confirmed on the official page.",https://www.google.com/travel/flights?q=Flights%20from%20SFO%20to%20SAN%202027-03-19%2C%20return%202027-04-08%20for%202%20adults
LA-25,Voyager of the Seas — Ensenada,Royal Caribbean,2027-02-15,4 nights,"Los Angeles (San Pedro), CA",Ensenada; Los Angeles,$754,"Interior snapshot $377/person; total is 2 × snapshot (first published USD snapshot found on pass 2, 2026-08-28; replaces prior listing note: ""Official price not published in indexed source"")","CruiseTimetables per-sailing index + official line voyage deep link (pass 2, 2026-08-28)",https://www.royalcaribbean.com/cruises/itinerary/4-night-ensenada-from-los-angeles-on-voyager/VY04LAX-3628863837?sail-date=2027-02-15&currency=USD,Official deals page (accessed 2026-08-28): Mexico sailings from LA advertised from $289; 2026 last-minute deals from $299; Kids Sail Free on select sailings; resident / 55+ / military / police & EMT rates. Sailing-specific applicability not verified: royalcaribbean.com/cruise-deals,RESOLVED + VERIFIED PASS 2 · 2026-08-28 — price now published (VY04LAX),https://www.cruisetimetables.com/cruisesonvoyageroftheseas-15feb2027.html,2027-02-14,2027-02-20,SFO → LAX → SFO,$408 planning estimate,KAYAK route data: KAYAK route data (page accessed 2026-08-28): planning basis $204/person round trip (≈ midpoint of typical range $138–$272); cheapest round-trip observed $89,https://www.kayak.com/flight-routes/San-Francisco-SFO/Los-Angeles-LAX,"$1,162","Cruise snapshot + 2-adult flight planning estimate (SFO out the day before, back the day after); live quotes required for both.",USD,"RESOLVED 2026-08-28 pass 2: 4-Night Ensenada (Voyager, VY04LAX-3628863837) now has an indexed interior snapshot $377pp USD; official voyage link added. Snapshot ≠ live quote.",https://www.google.com/travel/flights?q=Flights%20from%20SFO%20to%20LAX%202027-02-14%2C%20return%202027-02-20%20for%202%20adults
LA-26,Carnival Panorama — Mexican Riviera,Carnival Cruise Line,2027-02-21,6 nights,"Long Beach (Los Angeles), CA",Cabo San Lucas; Ensenada; Los Angeles,$630,Interior snapshot $315/person; total is 2 × snapshot (was $348/person in the Aug 27–28 first sweep — price_drop),"CruiseTimetables per-sailing index + official line voyage deep link (pass 2, 2026-08-28)",https://www.carnival.com/itinerary/6-day-mexican-riviera-cruise/long-beach-los-angeles/panorama/6-days/mrk/?sailDate=02212027,"Official Cruise Deals page (accessed 2026-08-28, ends Aug 31 2026 unless noted): Sail Away Soon Pack & Go Sale — up to 55% off, select sailings through Feb 2027; Early Saver Bonus — $1 room upgrade, save up to $1,100/room, deposits from $49pp, up to $50 onboard credit, sailings through Apr 2029; More Time, More Perks — 50% off deposits, up to 40% off, final payment 30 days out, sailings through May 2027; Free 3rd & 4th Guest Sale (cabins of 3+, through May 2027). Sailing-specific applicability not verified: carnival.com/cruise-deals",VERIFIED PASS 2 · 2026-08-28 — Schedule + price snapshot (line-by-line),https://www.cruisetimetables.com/cruisesoncarnivalpanorama-21feb2027.html,2027-02-20,2027-02-28,SFO → LAX → SFO,$408 planning estimate,KAYAK route data: KAYAK route data (page accessed 2026-08-28): planning basis $204/person round trip (≈ midpoint of typical range $138–$272); cheapest round-trip observed $89,https://www.kayak.com/flight-routes/San-Francisco-SFO/Los-Angeles-LAX,"$1,038","Cruise snapshot + 2-adult flight planning estimate (SFO out the day before, back the day after); live quotes required for both.",USD,"Re-verified line by line 2026-08-28 (pass 2) against the sailing's own schedule-index page (date, duration, port sequence, interior per-person price) plus the official voyage deep link. Snapshot ≠ live quote; cabin class, taxes/fees and availability must be confirmed on the official page.",https://www.google.com/travel/flights?q=Flights%20from%20SFO%20to%20LAX%202027-02-20%2C%20return%202027-02-28%20for%202%20adults
LA-27,Carnival Panorama — Mexican Riviera,Carnival Cruise Line,2027-02-27,8 nights,"Long Beach (Los Angeles), CA",Puerto Vallarta; Mazatlán; La Paz; Cabo San Lucas; Los Angeles,$986,Interior snapshot $493/person; total is 2 × snapshot (re-confirmed unchanged 2026-08-28 pass 2),"CruiseTimetables per-sailing index + official line voyage deep link (pass 2, 2026-08-28)",https://www.carnival.com/itinerary/8-day-mexican-riviera-cruise/long-beach-los-angeles/panorama/8-days/mry/?sailDate=02272027,"Official Cruise Deals page (accessed 2026-08-28, ends Aug 31 2026 unless noted): Sail Away Soon Pack & Go Sale — up to 55% off, select sailings through Feb 2027; Early Saver Bonus — $1 room upgrade, save up to $1,100/room, deposits from $49pp, up to $50 onboard credit, sailings through Apr 2029; More Time, More Perks — 50% off deposits, up to 40% off, final payment 30 days out, sailings through May 2027; Free 3rd & 4th Guest Sale (cabins of 3+, through May 2027). Sailing-specific applicability not verified: carnival.com/cruise-deals",VERIFIED PASS 2 · 2026-08-28 — Schedule + price snapshot (line-by-line),https://www.cruisetimetables.com/cruisesoncarnivalpanorama-27feb2027.html,2027-02-26,2027-03-08,SFO → LAX → SFO,$408 planning estimate,KAYAK route data: KAYAK route data (page accessed 2026-08-28): planning basis $204/person round trip (≈ midpoint of typical range $138–$272); cheapest round-trip observed $89,https://www.kayak.com/flight-routes/San-Francisco-SFO/Los-Angeles-LAX,"$1,394","Cruise snapshot + 2-adult flight planning estimate (SFO out the day before, back the day after); live quotes required for both.",USD,"Re-verified line by line 2026-08-28 (pass 2) against the sailing's own schedule-index page (date, duration, port sequence, interior per-person price) plus the official voyage deep link. Snapshot ≠ live quote; cabin class, taxes/fees and availability must be confirmed on the official page.",https://www.google.com/travel/flights?q=Flights%20from%20SFO%20to%20LAX%202027-02-26%2C%20return%202027-03-08%20for%202%20adults
LA-28,Carnival Radiance — Baja/Mexico,Carnival Cruise Line,2027-02-28,4 nights,"Long Beach (Los Angeles), CA",Catalina Island; Ensenada; Los Angeles,$600,Interior snapshot $300/person; total is 2 × snapshot (was $394/person in the Aug 27–28 first sweep — price_drop),"CruiseTimetables per-sailing index + official line voyage deep link (pass 2, 2026-08-28)",https://www.carnival.com/itinerary/4-day-baja-mexico-cruise/long-beach-los-angeles/radiance/4-days/lxn/?sailDate=02282027,"Official Cruise Deals page (accessed 2026-08-28, ends Aug 31 2026 unless noted): Sail Away Soon Pack & Go Sale — up to 55% off, select sailings through Feb 2027; Early Saver Bonus — $1 room upgrade, save up to $1,100/room, deposits from $49pp, up to $50 onboard credit, sailings through Apr 2029; More Time, More Perks — 50% off deposits, up to 40% off, final payment 30 days out, sailings through May 2027; Free 3rd & 4th Guest Sale (cabins of 3+, through May 2027). Sailing-specific applicability not verified: carnival.com/cruise-deals",VERIFIED PASS 2 · 2026-08-28 — Schedule + price snapshot (line-by-line),https://www.cruisetimetables.com/cruisesoncarnivalradiance-28feb2027.html,2027-02-27,2027-03-05,SFO → LAX → SFO,$408 planning estimate,KAYAK route data: KAYAK route data (page accessed 2026-08-28): planning basis $204/person round trip (≈ midpoint of typical range $138–$272); cheapest round-trip observed $89,https://www.kayak.com/flight-routes/San-Francisco-SFO/Los-Angeles-LAX,"$1,008","Cruise snapshot + 2-adult flight planning estimate (SFO out the day before, back the day after); live quotes required for both.",USD,"Re-verified line by line 2026-08-28 (pass 2) against the sailing's own schedule-index page (date, duration, port sequence, interior per-person price) plus the official voyage deep link. Snapshot ≠ live quote; cabin class, taxes/fees and availability must be confirmed on the official page.",https://www.google.com/travel/flights?q=Flights%20from%20SFO%20to%20LAX%202027-02-27%2C%20return%202027-03-05%20for%202%20adults
LA-29,Royal Caribbean Ovation — Ensenada,Royal Caribbean,2027-02-19,3 nights,"Los Angeles (San Pedro), CA",Ensenada; Los Angeles,$690,Interior snapshot $345/person; total is 2 × snapshot (was $394/person in the Aug 27–28 first sweep — price_drop),"CruiseTimetables per-sailing index + official line voyage deep link (pass 2, 2026-08-28)",https://www.royalcaribbean.com/cruises/itinerary/3-night-ensenada-from-los-angeles-on-ovation/OV03LAX-1965470999?sail-date=2027-02-19&currency=USD,Official deals page (accessed 2026-08-28): Mexico sailings from LA advertised from $289; 2026 last-minute deals from $299; Kids Sail Free on select sailings; resident / 55+ / military / police & EMT rates. Sailing-specific applicability not verified: royalcaribbean.com/cruise-deals,VERIFIED PASS 2 · 2026-08-28 — Schedule + price snapshot (line-by-line),https://www.cruisetimetables.com/cruisesonovationoftheseas-19feb2027.html,2027-02-18,2027-02-23,SFO → LAX → SFO,$408 planning estimate,KAYAK route data: KAYAK route data (page accessed 2026-08-28): planning basis $204/person round trip (≈ midpoint of typical range $138–$272); cheapest round-trip observed $89,https://www.kayak.com/flight-routes/San-Francisco-SFO/Los-Angeles-LAX,"$1,098","Cruise snapshot + 2-adult flight planning estimate (SFO out the day before, back the day after); live quotes required for both.",USD,"Re-verified line by line 2026-08-28 (pass 2) against the sailing's own schedule-index page (date, duration, port sequence, interior per-person price) plus the official voyage deep link. Snapshot ≠ live quote; cabin class, taxes/fees and availability must be confirmed on the official page.",https://www.google.com/travel/flights?q=Flights%20from%20SFO%20to%20LAX%202027-02-18%2C%20return%202027-02-23%20for%202%20adults
LA-30,Royal Caribbean Ovation — Catalina & Ensenada,Royal Caribbean,2027-02-22,4 nights,"Los Angeles (San Pedro), CA",Catalina Island; Ensenada; Los Angeles,$730,Interior snapshot $365/person; total is 2 × snapshot (was $436/person in the Aug 27–28 first sweep — price_drop),"CruiseTimetables per-sailing index + official line voyage deep link (pass 2, 2026-08-28)",https://www.royalcaribbean.com/cruises/itinerary/4-night-catalina-ensenada-from-los-angeles-on-ovation/OV04LAX-1005460505?sail-date=2027-02-22&currency=USD,Official deals page (accessed 2026-08-28): Mexico sailings from LA advertised from $289; 2026 last-minute deals from $299; Kids Sail Free on select sailings; resident / 55+ / military / police & EMT rates. Sailing-specific applicability not verified: royalcaribbean.com/cruise-deals,VERIFIED PASS 2 · 2026-08-28 — Schedule + price snapshot (line-by-line),https://www.cruisetimetables.com/cruisesonovationoftheseas-22feb2027.html,2027-02-21,2027-02-27,SFO → LAX → SFO,$408 planning estimate,KAYAK route data: KAYAK route data (page accessed 2026-08-28): planning basis $204/person round trip (≈ midpoint of typical range $138–$272); cheapest round-trip observed $89,https://www.kayak.com/flight-routes/San-Francisco-SFO/Los-Angeles-LAX,"$1,138","Cruise snapshot + 2-adult flight planning estimate (SFO out the day before, back the day after); live quotes required for both.",USD,"Re-verified line by line 2026-08-28 (pass 2) against the sailing's own schedule-index page (date, duration, port sequence, interior per-person price) plus the official voyage deep link. Snapshot ≠ live quote; cabin class, taxes/fees and availability must be confirmed on the official page.",https://www.google.com/travel/flights?q=Flights%20from%20SFO%20to%20LAX%202027-02-21%2C%20return%202027-02-27%20for%202%20adults
LA-31,Norwegian Encore — Mexican Riviera,Norwegian Cruise Line,2027-02-21,7 nights,"Los Angeles (San Pedro), CA",Cabo San Lucas; Mazatlán; Puerto Vallarta; Los Angeles,"$1,338",Interior snapshot $669/person; total is 2 × snapshot (was $699/person in the Aug 27–28 first sweep — price_drop),"CruiseTimetables per-sailing index + official line voyage deep link (pass 2, 2026-08-28)",https://www.ncl.com/vacation-builder?itineraryCode=ENCORE7LAXCSLMZTPVRLAX&packageId=23338094&stateroomTypeCode=INSIDE&,"Official deals page (accessed 2026-08-28): Free at Sea package (unlimited open bar, specialty dining, shore-excursion credit, Wi-Fi); Free 2nd Guest limited-time offer, all categories; Semi-Annual Sale (limited time); $150 CruiseFirst certificates; Latitudes past-guest bonus; military / teacher / first-responder discounts. Sailing-specific applicability not verified: ncl.com/cruise-deals",VERIFIED PASS 2 · 2026-08-28 — Schedule + price snapshot (line-by-line),https://www.cruisetimetables.com/cruisesonnorwegianencore-21feb2027.html,2027-02-20,2027-03-01,SFO → LAX → SFO,$408 planning estimate,KAYAK route data: KAYAK route data (page accessed 2026-08-28): planning basis $204/person round trip (≈ midpoint of typical range $138–$272); cheapest round-trip observed $89,https://www.kayak.com/flight-routes/San-Francisco-SFO/Los-Angeles-LAX,"$1,746","Cruise snapshot + 2-adult flight planning estimate (SFO out the day before, back the day after); live quotes required for both.",USD,"Re-verified line by line 2026-08-28 (pass 2) against the sailing's own schedule-index page (date, duration, port sequence, interior per-person price) plus the official voyage deep link. Snapshot ≠ live quote; cabin class, taxes/fees and availability must be confirmed on the official page.",https://www.google.com/travel/flights?q=Flights%20from%20SFO%20to%20LAX%202027-02-20%2C%20return%202027-03-01%20for%202%20adults
LA-32,Norwegian Encore — Mexican Riviera,Norwegian Cruise Line,2027-02-28,7 nights,"Los Angeles (San Pedro), CA",Cabo San Lucas; Mazatlán; Puerto Vallarta; Los Angeles,"$1,398",Interior snapshot $699/person; total is 2 × snapshot (was $639/person in the Aug 27–28 first sweep — price_increase),"CruiseTimetables per-sailing index + official line voyage deep link (pass 2, 2026-08-28)",https://www.ncl.com/vacation-builder?itineraryCode=ENCORE7LAXCSLMZTPVRLAX&packageId=23338095&stateroomTypeCode=INSIDE&,"Official deals page (accessed 2026-08-28): Free at Sea package (unlimited open bar, specialty dining, shore-excursion credit, Wi-Fi); Free 2nd Guest limited-time offer, all categories; Semi-Annual Sale (limited time); $150 CruiseFirst certificates; Latitudes past-guest bonus; military / teacher / first-responder discounts. Sailing-specific applicability not verified: ncl.com/cruise-deals",VERIFIED PASS 2 · 2026-08-28 — Schedule + price snapshot (line-by-line),https://www.cruisetimetables.com/cruisesonnorwegianencore-28feb2027.html,2027-02-27,2027-03-08,SFO → LAX → SFO,$408 planning estimate,KAYAK route data: KAYAK route data (page accessed 2026-08-28): planning basis $204/person round trip (≈ midpoint of typical range $138–$272); cheapest round-trip observed $89,https://www.kayak.com/flight-routes/San-Francisco-SFO/Los-Angeles-LAX,"$1,806","Cruise snapshot + 2-adult flight planning estimate (SFO out the day before, back the day after); live quotes required for both.",USD,"Re-verified line by line 2026-08-28 (pass 2) against the sailing's own schedule-index page (date, duration, port sequence, interior per-person price) plus the official voyage deep link. Snapshot ≠ live quote; cabin class, taxes/fees and availability must be confirmed on the official page.",https://www.google.com/travel/flights?q=Flights%20from%20SFO%20to%20LAX%202027-02-27%2C%20return%202027-03-08%20for%202%20adults
LA-33,Norwegian Encore — Mexican Riviera,Norwegian Cruise Line,2027-03-07,7 nights,"Los Angeles (San Pedro), CA",Cabo San Lucas; Mazatlán; Puerto Vallarta; Los Angeles,"$1,378",Interior snapshot $689/person; total is 2 × snapshot (was $639/person in the Aug 27–28 first sweep — price_increase),"CruiseTimetables per-sailing index + official line voyage deep link (pass 2, 2026-08-28)",https://www.ncl.com/vacation-builder?itineraryCode=ENCORE7LAXCSLMZTPVRLAX&packageId=23338096&stateroomTypeCode=INSIDE&,"Official deals page (accessed 2026-08-28): Free at Sea package (unlimited open bar, specialty dining, shore-excursion credit, Wi-Fi); Free 2nd Guest limited-time offer, all categories; Semi-Annual Sale (limited time); $150 CruiseFirst certificates; Latitudes past-guest bonus; military / teacher / first-responder discounts. Sailing-specific applicability not verified: ncl.com/cruise-deals",VERIFIED PASS 2 · 2026-08-28 — Schedule + price snapshot (line-by-line),https://www.cruisetimetables.com/cruisesonnorwegianencore-07mar2027.html,2027-03-06,2027-03-15,SFO → LAX → SFO,$408 planning estimate,KAYAK route data: KAYAK route data (page accessed 2026-08-28): planning basis $204/person round trip (≈ midpoint of typical range $138–$272); cheapest round-trip observed $89,https://www.kayak.com/flight-routes/San-Francisco-SFO/Los-Angeles-LAX,"$1,786","Cruise snapshot + 2-adult flight planning estimate (SFO out the day before, back the day after); live quotes required for both.",USD,"Re-verified line by line 2026-08-28 (pass 2) against the sailing's own schedule-index page (date, duration, port sequence, interior per-person price) plus the official voyage deep link. Snapshot ≠ live quote; cabin class, taxes/fees and availability must be confirmed on the official page.",https://www.google.com/travel/flights?q=Flights%20from%20SFO%20to%20LAX%202027-03-06%2C%20return%202027-03-15%20for%202%20adults
LA-34,Norwegian Encore — Mexican Riviera,Norwegian Cruise Line,2027-03-14,7 nights,"Los Angeles (San Pedro), CA",Cabo San Lucas; Mazatlán; Puerto Vallarta; Los Angeles,"$1,478",Interior snapshot $739/person; total is 2 × snapshot (was $689/person in the Aug 27–28 first sweep — price_increase),"CruiseTimetables per-sailing index + official line voyage deep link (pass 2, 2026-08-28)",https://www.ncl.com/vacation-builder?itineraryCode=ENCORE7LAXCSLMZTPVRLAX&packageId=23338097&stateroomTypeCode=INSIDE&,"Official deals page (accessed 2026-08-28): Free at Sea package (unlimited open bar, specialty dining, shore-excursion credit, Wi-Fi); Free 2nd Guest limited-time offer, all categories; Semi-Annual Sale (limited time); $150 CruiseFirst certificates; Latitudes past-guest bonus; military / teacher / first-responder discounts. Sailing-specific applicability not verified: ncl.com/cruise-deals",VERIFIED PASS 2 · 2026-08-28 — Schedule + price snapshot (line-by-line),https://www.cruisetimetables.com/cruisesonnorwegianencore-14mar2027.html,2027-03-13,2027-03-22,SFO → LAX → SFO,$408 planning estimate,KAYAK route data: KAYAK route data (page accessed 2026-08-28): planning basis $204/person round trip (≈ midpoint of typical range $138–$272); cheapest round-trip observed $89,https://www.kayak.com/flight-routes/San-Francisco-SFO/Los-Angeles-LAX,"$1,886","Cruise snapshot + 2-adult flight planning estimate (SFO out the day before, back the day after); live quotes required for both.",USD,"Re-verified line by line 2026-08-28 (pass 2) against the sailing's own schedule-index page (date, duration, port sequence, interior per-person price) plus the official voyage deep link. Snapshot ≠ live quote; cabin class, taxes/fees and availability must be confirmed on the official page.",https://www.google.com/travel/flights?q=Flights%20from%20SFO%20to%20LAX%202027-03-13%2C%20return%202027-03-22%20for%202%20adults
LA-35,Norwegian Encore — Mexican Riviera,Norwegian Cruise Line,2027-03-21,7 nights,"Los Angeles (San Pedro), CA",Cabo San Lucas; Mazatlán; Puerto Vallarta; Los Angeles,"$1,438",Interior snapshot $719/person; total is 2 × snapshot (was $709/person in the Aug 27–28 first sweep — price_increase),"CruiseTimetables per-sailing index + official line voyage deep link (pass 2, 2026-08-28)",https://www.ncl.com/vacation-builder?itineraryCode=ENCORE7LAXCSLMZTPVRLAX&packageId=23338098&stateroomTypeCode=INSIDE&,"Official deals page (accessed 2026-08-28): Free at Sea package (unlimited open bar, specialty dining, shore-excursion credit, Wi-Fi); Free 2nd Guest limited-time offer, all categories; Semi-Annual Sale (limited time); $150 CruiseFirst certificates; Latitudes past-guest bonus; military / teacher / first-responder discounts. Sailing-specific applicability not verified: ncl.com/cruise-deals",VERIFIED PASS 2 · 2026-08-28 — Schedule + price snapshot (line-by-line),https://www.cruisetimetables.com/cruisesonnorwegianencore-21mar2027.html,2027-03-20,2027-03-29,SFO → LAX → SFO,$408 planning estimate,KAYAK route data: KAYAK route data (page accessed 2026-08-28): planning basis $204/person round trip (≈ midpoint of typical range $138–$272); cheapest round-trip observed $89,https://www.kayak.com/flight-routes/San-Francisco-SFO/Los-Angeles-LAX,"$1,846","Cruise snapshot + 2-adult flight planning estimate (SFO out the day before, back the day after); live quotes required for both.",USD,"Re-verified line by line 2026-08-28 (pass 2) against the sailing's own schedule-index page (date, duration, port sequence, interior per-person price) plus the official voyage deep link. Snapshot ≠ live quote; cabin class, taxes/fees and availability must be confirmed on the official page.",https://www.google.com/travel/flights?q=Flights%20from%20SFO%20to%20LAX%202027-03-20%2C%20return%202027-03-29%20for%202%20adults
LA-36,Norwegian Encore — Mexican Riviera,Norwegian Cruise Line,2027-03-28,7 nights,"Los Angeles (San Pedro), CA",Cabo San Lucas; Mazatlán; Puerto Vallarta; Los Angeles,"$1,498",Interior snapshot $749/person; total is 2 × snapshot (was $739/person in the Aug 27–28 first sweep — price_increase),"CruiseTimetables per-sailing index + official line voyage deep link (pass 2, 2026-08-28)",https://www.ncl.com/vacation-builder?itineraryCode=ENCORE7LAXCSLMZTPVRLAX&packageId=23338099&stateroomTypeCode=INSIDE&,"Official deals page (accessed 2026-08-28): Free at Sea package (unlimited open bar, specialty dining, shore-excursion credit, Wi-Fi); Free 2nd Guest limited-time offer, all categories; Semi-Annual Sale (limited time); $150 CruiseFirst certificates; Latitudes past-guest bonus; military / teacher / first-responder discounts. Sailing-specific applicability not verified: ncl.com/cruise-deals",VERIFIED PASS 2 · 2026-08-28 — Schedule + price snapshot (line-by-line),https://www.cruisetimetables.com/cruisesonnorwegianencore-28mar2027.html,2027-03-27,2027-04-05,SFO → LAX → SFO,$408 planning estimate,KAYAK route data: KAYAK route data (page accessed 2026-08-28): planning basis $204/person round trip (≈ midpoint of typical range $138–$272); cheapest round-trip observed $89,https://www.kayak.com/flight-routes/San-Francisco-SFO/Los-Angeles-LAX,"$1,906","Cruise snapshot + 2-adult flight planning estimate (SFO out the day before, back the day after); live quotes required for both.",USD,"Re-verified line by line 2026-08-28 (pass 2) against the sailing's own schedule-index page (date, duration, port sequence, interior per-person price) plus the official voyage deep link. Snapshot ≠ live quote; cabin class, taxes/fees and availability must be confirmed on the official page.",https://www.google.com/travel/flights?q=Flights%20from%20SFO%20to%20LAX%202027-03-27%2C%20return%202027-04-05%20for%202%20adults
LA-43,Emerald Princess — California Coast / Hawaii,Princess Cruises,2027-03-10,7 nights,"Los Angeles, CA",San Francisco; Santa Barbara; San Diego; Ensenada; Los Angeles,"$3,698","Inside snapshot $1,849/person; total is 2 × snapshot",Princess route announcement + timetable / trusted itinerary listing,https://www.princess.com/cruise-destinations/departure-ports/cruises-from-los-angeles,"Official deals page (accessed 2026-08-28): 'up to $600 per room onboard spend + low deposit' offer listed for bookings by Aug 31, 2026; page/geo terms vary. Sailing-specific applicability not verified: princess.com/cruise-deals-promotions",REVIEW — date mismatch vs verified schedule index,https://www.cruisecritic.com/find-a-cruise/month-march-2027/departure-port-los-angeles,2027-03-09,2027-03-18,SFO → LAX → SFO,$408 planning estimate,KAYAK route data: KAYAK 12-month route average $204/person round trip (typical $138–$272; February historically peaks) accessed 2026-08-28,https://www.kayak.com/flight-routes/San-Francisco-SFO/Los-Angeles-LAX,Not computable — currency mismatch,Cruise price is GBP; flight estimate is USD. Convert only after live quotes.,GBP,"FLAGGED 2026-08-28: no Emerald Princess departure indexed on 2027-03-10. Verified Emerald LA departures in window: Feb 26 (16N Hawaiian Islands, E705), Mar 14 / 21 / 28 (7N Classic California Coast, E706-E708 family). Row price/itinerary could not be matched to any indexed sailing; official confirmation required. PASS 2 2026-08-28: re-swept the port turnaround calendar and per-sailing index — still no matching indexed departure on this date; row remains preserved but NOT bookable.",https://www.google.com/travel/flights?q=Flights%20from%20SFO%20to%20LAX%202027-03-09%2C%20return%202027-03-18
LA-44,Emerald Princess — 7-Night Classic California Coast,Princess Cruises,2027-03-14,7 nights,"Los Angeles, CA",San Francisco; Santa Barbara; San Diego; Ensenada,"$1,098","Interior snapshot $549/person; total is 2 × snapshot (first published USD snapshot found on pass 2, 2026-08-28; replaces prior listing note: ""Inside snapshot $589/person; total is 2 × snapshot"")","CruiseTimetables per-sailing index + official line voyage deep link (pass 2, 2026-08-28)",https://www.princess.com/itinerary-details/?voyageCode=E706,"Official deals page (accessed 2026-08-28): 'up to $600 per room onboard spend + low deposit' offer listed for bookings by Aug 31, 2026; page/geo terms vary. Sailing-specific applicability not verified: princess.com/cruise-deals-promotions",RESOLVED + VERIFIED PASS 2 · 2026-08-28 — GBP price replaced by published USD snapshot,https://www.cruisetimetables.com/cruisesonemeraldprincess-14mar2027.html,2027-03-13,2027-03-22,SFO → LAX → SFO,$408 planning estimate,KAYAK route data: KAYAK route data (page accessed 2026-08-28): planning basis $204/person round trip (≈ midpoint of typical range $138–$272); cheapest round-trip observed $89,https://www.kayak.com/flight-routes/San-Francisco-SFO/Los-Angeles-LAX,"$1,506","Cruise snapshot + 2-adult flight planning estimate (SFO out the day before, back the day after); live quotes required for both.",USD,"RESOLVED 2026-08-28 pass 2: the row previously carried a third-party GBP snapshot and 'Hawaii' wording; the verified voyage is the 7-Night Classic California Coast (E706): LA → San Francisco → Santa Barbara → San Diego → Ensenada → LA, interior $549pp USD on the index. Snapshot ≠ live quote; confirm on princess.com.",https://www.google.com/travel/flights?q=Flights%20from%20SFO%20to%20LAX%202027-03-13%2C%20return%202027-03-22%20for%202%20adults
LA-45,Emerald Princess — California Coast / Hawaii,Princess Cruises,2027-03-17,12 nights,"Los Angeles, CA",San Francisco; Santa Barbara; San Diego; Ensenada; Los Angeles,"$4,398","Inside snapshot $2,199/person; total is 2 × snapshot",Princess route announcement + timetable / trusted itinerary listing,https://www.princess.com/cruise-destinations/departure-ports/cruises-from-los-angeles,"Official deals page (accessed 2026-08-28): 'up to $600 per room onboard spend + low deposit' offer listed for bookings by Aug 31, 2026; page/geo terms vary. Sailing-specific applicability not verified: princess.com/cruise-deals-promotions",REVIEW — date mismatch vs verified schedule index,https://www.cruisecritic.com/find-a-cruise/month-march-2027/departure-port-los-angeles,2027-03-16,2027-03-30,SFO → LAX → SFO,$408 planning estimate,KAYAK route data: KAYAK 12-month route average $204/person round trip (typical $138–$272; February historically peaks) accessed 2026-08-28,https://www.kayak.com/flight-routes/San-Francisco-SFO/Los-Angeles-LAX,Not computable — currency mismatch,Cruise price is GBP; flight estimate is USD. Convert only after live quotes.,GBP,FLAGGED 2026-08-28: no Emerald Princess departure indexed on 2027-03-17. Nearest verified: Mar 14 & Mar 21 7N Classic California Coast. Row's 12-night claim matches no indexed Emerald LA sailing in the window. PASS 2 2026-08-28: re-swept the port turnaround calendar and per-sailing index — still no matching indexed departure on this date; row remains preserved but NOT bookable.,https://www.google.com/travel/flights?q=Flights%20from%20SFO%20to%20LAX%202027-03-16%2C%20return%202027-03-30
LA-46,Emerald Princess — California Coast / Hawaii,Princess Cruises,2027-03-19,10 nights,"Los Angeles, CA",San Francisco; Santa Barbara; San Diego; Ensenada; Los Angeles,"$3,698","Inside snapshot $1,849/person; total is 2 × snapshot",Princess route announcement + timetable / trusted itinerary listing,https://www.princess.com/cruise-destinations/departure-ports/cruises-from-los-angeles,"Official deals page (accessed 2026-08-28): 'up to $600 per room onboard spend + low deposit' offer listed for bookings by Aug 31, 2026; page/geo terms vary. Sailing-specific applicability not verified: princess.com/cruise-deals-promotions",REVIEW — date mismatch vs verified schedule index,https://www.cruisecritic.com/find-a-cruise/month-march-2027/departure-port-los-angeles,2027-03-18,2027-03-30,SFO → LAX → SFO,$408 planning estimate,KAYAK route data: KAYAK 12-month route average $204/person round trip (typical $138–$272; February historically peaks) accessed 2026-08-28,https://www.kayak.com/flight-routes/San-Francisco-SFO/Los-Angeles-LAX,Not computable — currency mismatch,Cruise price is GBP; flight estimate is USD. Convert only after live quotes.,GBP,"FLAGGED 2026-08-28: no Emerald Princess departure indexed on 2027-03-19 (the ship is at sea between verified Mar 14 and Mar 21 LA departures; 2027-03-19 is an indexed San Diego port call on the E706 sailing, not a turnaround). PASS 2 2026-08-28: re-swept the port turnaround calendar and per-sailing index — still no matching indexed departure on this date; row remains preserved but NOT bookable.",https://www.google.com/travel/flights?q=Flights%20from%20SFO%20to%20LAX%202027-03-18%2C%20return%202027-03-30
LA-47,Emerald Princess — California Coast / Hawaii,Princess Cruises,2027-03-24,7 nights,"Los Angeles, CA",San Francisco; Santa Barbara; San Diego; Ensenada; Los Angeles,Not published,Official price not published in indexed source,Princess route announcement + timetable / trusted itinerary listing,https://www.princess.com/cruise-destinations/departure-ports/cruises-from-los-angeles,"Official deals page (accessed 2026-08-28): 'up to $600 per room onboard spend + low deposit' offer listed for bookings by Aug 31, 2026; page/geo terms vary. Sailing-specific applicability not verified: princess.com/cruise-deals-promotions",REVIEW — date mismatch vs verified schedule index,https://www.cruisecritic.com/find-a-cruise/month-march-2027/departure-port-los-angeles,2027-03-23,2027-04-01,SFO → LAX → SFO,$408 planning estimate,KAYAK route data: KAYAK 12-month route average $204/person round trip (typical $138–$272; February historically peaks) accessed 2026-08-28,https://www.kayak.com/flight-routes/San-Francisco-SFO/Los-Angeles-LAX,Not computable,Cruise snapshot + 2-adult flight planning estimate; live quote required.,USD,FLAGGED 2026-08-28: no Emerald Princess departure indexed on 2027-03-24 (the ship is at sea on the verified Mar 21 7N sailing). Claimed 7-night itinerary matches no indexed sailing for that date. PASS 2 2026-08-28: re-swept the port turnaround calendar and per-sailing index — still no matching indexed departure on this date; row remains preserved but NOT bookable.,https://www.google.com/travel/flights?q=Flights%20from%20SFO%20to%20LAX%202027-03-23%2C%20return%202027-04-01
LA-48,Emerald Princess — California Coast / Hawaii,Princess Cruises,2027-03-31,21 nights,"Los Angeles, CA",Hilo; Honolulu; Nawiliwili; Kahului; Ensenada; Los Angeles,"$4,598","Inside snapshot $2,299/person; total is 2 × snapshot",Princess route announcement + timetable / trusted itinerary listing,https://www.princess.com/cruise-destinations/departure-ports/cruises-from-los-angeles,"Official deals page (accessed 2026-08-28): 'up to $600 per room onboard spend + low deposit' offer listed for bookings by Aug 31, 2026; page/geo terms vary. Sailing-specific applicability not verified: princess.com/cruise-deals-promotions",REVIEW — date mismatch vs verified schedule index,https://www.cruisecritic.com/find-a-cruise/month-march-2027/departure-port-los-angeles,2027-03-30,2027-04-22,SFO → LAX → SFO,$408 planning estimate,KAYAK route data: KAYAK 12-month route average $204/person round trip (typical $138–$272; February historically peaks) accessed 2026-08-28,https://www.kayak.com/flight-routes/San-Francisco-SFO/Los-Angeles-LAX,Not computable — currency mismatch,Cruise price is GBP; flight estimate is USD. Convert only after live quotes.,GBP,"FLAGGED 2026-08-28: no Emerald Princess departure indexed on 2027-03-31 (the ship is at sea on the verified Mar 28 7N sailing, next turnaround Apr 4). Claimed 21-night itinerary matches no indexed sailing for that date. PASS 2 2026-08-28: re-swept the port turnaround calendar and per-sailing index — still no matching indexed departure on this date; row remains preserved but NOT bookable.",https://www.google.com/travel/flights?q=Flights%20from%20SFO%20to%20LAX%202027-03-30%2C%20return%202027-04-22
LA-51,Island Princess — 16-Night Panama Canal Ocean to Ocean (ends Fort Lauderdale),Princess Cruises,2027-03-02,16 nights,"Los Angeles, CA",Puerto Vallarta; Huatulco; Puerto Chiapas; Puntarenas; Panama City; Panama Canal; Oranjestad; Fort Lauderdale,"$3,758","Interior snapshot $1,879/person; total is 2 × snapshot (first published USD snapshot found on pass 2, 2026-08-28; replaces prior listing note: ""Official price not published in indexed source"")","CruiseTimetables per-sailing index + official line voyage deep link (pass 2, 2026-08-28)",https://www.princess.com/itinerary-details/?voyageCode=2705,"Official deals page (accessed 2026-08-28): 'up to $600 per room onboard spend + low deposit' offer listed for bookings by Aug 31, 2026; page/geo terms vary. Sailing-specific applicability not verified: princess.com/cruise-deals-promotions",CORRECTED + VERIFIED PASS 2 · 2026-08-28 — itinerary fixed to 16-Night Panama Canal,https://www.cruisetimetables.com/cruisesonislandprincess-02mar2027.html,2027-03-01,2027-03-19,SFO → LAX one-way; FLL → SFO return,$530 planning estimate,"KAYAK route data: Open-jaw planning estimate $530/2 adults: SFO→LAX one-way basis $75pp (KAYAK one-way deals observed $48–$89) + FLL→SFO one-way basis $190pp (KAYAK one-way deals observed $151–$170, round-trip typical $278–$467, February indexed as cheapest month); route pages accessed 2026-08-28",https://www.kayak.com/flight-routes/Fort-Lauderdale-FLL/San-Francisco-SFO,"$4,288","Cruise snapshot + 2-adult flight planning estimate (SFO out the day before, back the day after); live quotes required for both.",USD,"CORRECTED 2026-08-28 pass 2: prior listing said 'Hawaii / Pacific' — the per-sailing index shows the voyage is the 16-Night Panama Canal Ocean to Ocean, Los Angeles → Fort Lauderdale (princess.com voyage 2705). Interior snapshot $1,879pp read from the index. Flight basis switched to open-jaw SFO→LAX one-way + FLL→SFO one-way. Snapshot ≠ live quote.",https://www.google.com/travel/flights?q=One-way%20flights%20SFO%20to%20LAX%202027-03-01%2C%20then%20FLL%20to%20SFO%202027-03-19%20for%202%20adults
LA-52,Carnival Radiance — Baja Mexico,Carnival Cruise Line,2027-03-05,Schedule listing,"Los Angeles, CA",Catalina Island; Ensenada; Los Angeles,Not published,Official price not published in indexed source,Cruise Critic California March 2027 index; verify in official booking search,https://www.carnival.com/cruise-search,"Official Cruise Deals page (accessed 2026-08-28, ends Aug 31 2026 unless noted): Sail Away Soon Pack & Go Sale — up to 55% off, select sailings through Feb 2027; Early Saver Bonus — $1 room upgrade, save up to $1,100/room, deposits from $49pp, up to $50 onboard credit, sailings through Apr 2029; More Time, More Perks — 50% off deposits, up to 40% off, final payment 30 days out, sailings through May 2027; Free 3rd & 4th Guest Sale (cabins of 3+, through May 2027). Sailing-specific applicability not verified: carnival.com/cruise-deals",REVIEW — date mismatch vs verified schedule index,https://www.cruisecritic.com/find-a-cruise/month-march-2027/departure-port-los-angeles,2027-03-04,Not published — duration pending official confirmation,SFO → LAX → SFO,$408 planning estimate,KAYAK route data: KAYAK 12-month route average $204/person round trip (typical $138–$272; February historically peaks) accessed 2026-08-28,https://www.kayak.com/flight-routes/San-Francisco-SFO/Los-Angeles-LAX,Not computable,Cruise snapshot + 2-adult flight planning estimate; live quote required.,USD,FLAGGED 2026-08-28: no Carnival Radiance turnaround indexed on 2027-03-05. Verified Radiance Long Beach departures near that date: Mar 4 (5N) and Mar 9 (5N) with per-sailing pages; row likely intended one of these. PASS 2 2026-08-28: re-swept the port turnaround calendar and per-sailing index — still no matching indexed departure on this date; row remains preserved but NOT bookable.,https://www.google.com/travel/flights?q=Flights%20from%20SFO%20to%20LAX%202027-03-04%2C%20return%20Not%20published%20%E2%80%94%20duration%20pending%20official%20confirmation
LA-53,Carnival Panorama — Mexican Riviera,Carnival Cruise Line,2027-03-12,Schedule listing,"Los Angeles, CA",Cabo San Lucas; Mazatlan; Puerto Vallarta; Los Angeles,Not published,Official price not published in indexed source,Cruise Critic California March 2027 index; verify in official booking search,https://www.carnival.com/cruise-search,"Official Cruise Deals page (accessed 2026-08-28, ends Aug 31 2026 unless noted): Sail Away Soon Pack & Go Sale — up to 55% off, select sailings through Feb 2027; Early Saver Bonus — $1 room upgrade, save up to $1,100/room, deposits from $49pp, up to $50 onboard credit, sailings through Apr 2029; More Time, More Perks — 50% off deposits, up to 40% off, final payment 30 days out, sailings through May 2027; Free 3rd & 4th Guest Sale (cabins of 3+, through May 2027). Sailing-specific applicability not verified: carnival.com/cruise-deals",REVIEW — date mismatch vs verified schedule index,https://www.cruisecritic.com/find-a-cruise/month-march-2027/departure-port-los-angeles,2027-03-11,Not published — duration pending official confirmation,SFO → LAX → SFO,$408 planning estimate,KAYAK route data: KAYAK 12-month route average $204/person round trip (typical $138–$272; February historically peaks) accessed 2026-08-28,https://www.kayak.com/flight-routes/San-Francisco-SFO/Los-Angeles-LAX,Not computable,Cruise snapshot + 2-adult flight planning estimate; live quote required.,USD,FLAGGED 2026-08-28: no Carnival Panorama departure indexed on 2027-03-12. Verified Panorama Long Beach departures near that date: Mar 7 (6N) and Mar 13 (8N); row likely intended Sat 2027-03-13. PASS 2 2026-08-28: re-swept the port turnaround calendar and per-sailing index — still no matching indexed departure on this date; row remains preserved but NOT bookable.,https://www.google.com/travel/flights?q=Flights%20from%20SFO%20to%20LAX%202027-03-11%2C%20return%20Not%20published%20%E2%80%94%20duration%20pending%20official%20confirmation
LA-54,Carnival Radiance — Baja Mexico,Carnival Cruise Line,2027-03-19,Schedule listing,"Los Angeles, CA",Catalina Island; Ensenada; Los Angeles,Not published,Official price not published in indexed source,Cruise Critic California March 2027 index; verify in official booking search,https://www.carnival.com/cruise-search,"Official Cruise Deals page (accessed 2026-08-28, ends Aug 31 2026 unless noted): Sail Away Soon Pack & Go Sale — up to 55% off, select sailings through Feb 2027; Early Saver Bonus — $1 room upgrade, save up to $1,100/room, deposits from $49pp, up to $50 onboard credit, sailings through Apr 2029; More Time, More Perks — 50% off deposits, up to 40% off, final payment 30 days out, sailings through May 2027; Free 3rd & 4th Guest Sale (cabins of 3+, through May 2027). Sailing-specific applicability not verified: carnival.com/cruise-deals",REVIEW — date mismatch vs verified schedule index,https://www.cruisecritic.com/find-a-cruise/month-march-2027/departure-port-los-angeles,2027-03-18,Not published — duration pending official confirmation,SFO → LAX → SFO,$408 planning estimate,KAYAK route data: KAYAK 12-month route average $204/person round trip (typical $138–$272; February historically peaks) accessed 2026-08-28,https://www.kayak.com/flight-routes/San-Francisco-SFO/Los-Angeles-LAX,Not computable,Cruise snapshot + 2-adult flight planning estimate; live quote required.,USD,"FLAGGED 2026-08-28: no Carnival Radiance turnaround indexed on 2027-03-19 (the ship is at sea on the verified Mar 14 14N Hawaii sailing). Nearest verified departures: Mar 9 (5N), Mar 28 (4N). PASS 2 2026-08-28: re-swept the port turnaround calendar and per-sailing index — still no matching indexed departure on this date; row remains preserved but NOT bookable.",https://www.google.com/travel/flights?q=Flights%20from%20SFO%20to%20LAX%202027-03-18%2C%20return%20Not%20published%20%E2%80%94%20duration%20pending%20official%20confirmation
LA-55,Carnival Panorama — Mexican Riviera,Carnival Cruise Line,2027-03-26,Schedule listing,"Los Angeles, CA",Cabo San Lucas; Mazatlan; Puerto Vallarta; Los Angeles,Not published,Official price not published in indexed source,Cruise Critic California March 2027 index; verify in official booking search,https://www.carnival.com/cruise-search,"Official Cruise Deals page (accessed 2026-08-28, ends Aug 31 2026 unless noted): Sail Away Soon Pack & Go Sale — up to 55% off, select sailings through Feb 2027; Early Saver Bonus — $1 room upgrade, save up to $1,100/room, deposits from $49pp, up to $50 onboard credit, sailings through Apr 2029; More Time, More Perks — 50% off deposits, up to 40% off, final payment 30 days out, sailings through May 2027; Free 3rd & 4th Guest Sale (cabins of 3+, through May 2027). Sailing-specific applicability not verified: carnival.com/cruise-deals",REVIEW — date mismatch vs verified schedule index,https://www.cruisecritic.com/find-a-cruise/month-march-2027/departure-port-los-angeles,2027-03-25,Not published — duration pending official confirmation,SFO → LAX → SFO,$408 planning estimate,KAYAK route data: KAYAK 12-month route average $204/person round trip (typical $138–$272; February historically peaks) accessed 2026-08-28,https://www.kayak.com/flight-routes/San-Francisco-SFO/Los-Angeles-LAX,Not computable,Cruise snapshot + 2-adult flight planning estimate; live quote required.,USD,FLAGGED 2026-08-28: no Carnival Panorama departure indexed on 2027-03-26. Verified Panorama departures near that date: Mar 21 (6N) and Mar 27 (8N); row likely intended Sat 2027-03-27. PASS 2 2026-08-28: re-swept the port turnaround calendar and per-sailing index — still no matching indexed departure on this date; row remains preserved but NOT bookable.,https://www.google.com/travel/flights?q=Flights%20from%20SFO%20to%20LAX%202027-03-25%2C%20return%20Not%20published%20%E2%80%94%20duration%20pending%20official%20confirmation
LA-56,Emerald Princess — California Coast,Princess Cruises,2027-03-28,7 nights,"Los Angeles, CA",San Francisco; Santa Barbara; San Diego; Ensenada,"$1,078","Interior snapshot $539/person; total is 2 × snapshot (first published USD snapshot found on pass 2, 2026-08-28; replaces prior listing note: ""Official price not published in indexed source"")","CruiseTimetables per-sailing index + official line voyage deep link (pass 2, 2026-08-28)",https://www.princess.com/itinerary-details/?voyageCode=E708,"Official deals page (accessed 2026-08-28): 'up to $600 per room onboard spend + low deposit' offer listed for bookings by Aug 31, 2026; page/geo terms vary. Sailing-specific applicability not verified: princess.com/cruise-deals-promotions",RESOLVED + VERIFIED PASS 2 · 2026-08-28 — price now published (E708),https://www.cruisetimetables.com/cruisesonemeraldprincess-28mar2027.html,2027-03-27,2027-04-05,SFO → LAX → SFO,$408 planning estimate,KAYAK route data: KAYAK route data (page accessed 2026-08-28): planning basis $204/person round trip (≈ midpoint of typical range $138–$272); cheapest round-trip observed $89,https://www.kayak.com/flight-routes/San-Francisco-SFO/Los-Angeles-LAX,"$1,486","Cruise snapshot + 2-adult flight planning estimate (SFO out the day before, back the day after); live quotes required for both.",USD,RESOLVED 2026-08-28 pass 2: 7-Night Classic California Coast (E708) now has an indexed interior snapshot $539pp USD; official voyage link added. Snapshot ≠ live quote.,https://www.google.com/travel/flights?q=Flights%20from%20SFO%20to%20LAX%202027-03-27%2C%20return%202027-04-05%20for%202%20adults
SD-49,Disney Wonder — Baja,Disney Cruise Line,2027-02-12,3 nights,"San Diego, CA",Ensenada; San Diego,"$3,900","Inside snapshot $1,950/person; total is 2 × snapshot",Disney schedule listing (starts before requested window),https://disneycruise.disney.go.com/cruises-destinations/list/,Excluded: departure is before Feb 15 window,OUT OF WINDOW — excluded,https://disneycruise.disney.go.com/cruises-destinations/list/,2027-02-11,2027-02-16,SFO → SAN → SFO,$312 planning estimate,KAYAK route data: Planning basis $156/person round trip; KAYAK typical range $134–$287 (route page accessed 2026-08-28),https://www.kayak.com/flight-routes/San-Francisco-SFO/San-Diego-SAN,"$4,212",Cruise snapshot + 2-adult flight planning estimate; live quote required.,USD,Schedule and price snapshot from linked trusted source; official page linked for current confirmation.,https://www.google.com/travel/flights?q=Flights%20from%20SFO%20to%20SAN%202027-02-11%2C%20return%202027-02-16
SD-50,Holland America Koningsdam — 35-day Legendary Hawaii,Holland America Line,2027-02-13,35 days,"San Diego, CA",Hawaii; Fanning Island; Raiatea; Papeete; Moorea; Fakarava; Taiohae,Not published,Official price not published in indexed source,Official Holland America itinerary (starts before requested window),https://www.hollandamerica.com/en/us/find-a-cruise/h7s35a/k714,Excluded: departure is before Feb 15 window,OUT OF WINDOW — excluded,https://www.hollandamerica.com/en/us/find-a-cruise/h7s35a/k714,2027-02-12,2027-03-21,SFO → SAN → SFO,$312 planning estimate,KAYAK route data: Planning basis $156/person round trip; KAYAK typical range $134–$287 (route page accessed 2026-08-28),https://www.kayak.com/flight-routes/San-Francisco-SFO/San-Diego-SAN,Not computable,Cruise snapshot + 2-adult flight planning estimate; live quote required.,USD,Schedule and price snapshot from linked trusted source; official page linked for current confirmation.,https://www.google.com/travel/flights?q=Flights%20from%20SFO%20to%20SAN%202027-02-12%2C%20return%202027-03-21
SF-51,Ruby Princess — Hawaii & Mexico,Princess Cruises,2027-02-28,16 nights,"San Francisco, CA",Hilo; Honolulu; Nawiliwili; Kona; Ensenada; San Francisco,"$3,408","Interior snapshot $1,704/person; total is 2 × snapshot (was $1,779/person in the Aug 27–28 first sweep — price_drop)","CruiseTimetables per-sailing index + official line voyage deep link (pass 2, 2026-08-28)",https://www.princess.com/itinerary-details/?voyageCode=R705,"Official deals page (accessed 2026-08-28): 'up to $600 per room onboard spend + low deposit' offer listed for bookings by Aug 31, 2026; page/geo terms vary. Sailing-specific applicability not verified: princess.com/cruise-deals-promotions",VERIFIED PASS 2 · 2026-08-28 — Schedule + price snapshot (line-by-line),https://www.cruisetimetables.com/cruisesonrubyprincess-28feb2027.html,2027-02-27,2027-03-17,No flight required (SFO departure),Not required,Port matches origin airport city,,"$3,408","Cruise snapshot + 2-adult flight planning estimate (SFO out the day before, back the day after); live quotes required for both.",USD,"Re-verified line by line 2026-08-28 (pass 2) against the sailing's own schedule-index page (date, duration, port sequence, interior per-person price) plus the official voyage deep link. Snapshot ≠ live quote; cabin class, taxes/fees and availability must be confirmed on the official page.",
SF-52,Ruby Princess — Hawaii & Mexico,Princess Cruises,2027-03-16,16 nights,"San Francisco, CA",Hilo; Honolulu; Kahului; Nawiliwili; Ensenada; San Francisco,"$2,528","Interior snapshot $1,264/person; total is 2 × snapshot (was $1,339/person in the Aug 27–28 first sweep — price_drop)","CruiseTimetables per-sailing index + official line voyage deep link (pass 2, 2026-08-28)",https://www.princess.com/itinerary-details/?voyageCode=R706,"Official deals page (accessed 2026-08-28): 'up to $600 per room onboard spend + low deposit' offer listed for bookings by Aug 31, 2026; page/geo terms vary. Sailing-specific applicability not verified: princess.com/cruise-deals-promotions",VERIFIED PASS 2 · 2026-08-28 — Schedule + price snapshot (line-by-line),https://www.cruisetimetables.com/cruisesonrubyprincess-16mar2027.html,2027-03-15,2027-04-02,No flight required (SFO departure),Not required,Port matches origin airport city,,"$2,528","Cruise snapshot + 2-adult flight planning estimate (SFO out the day before, back the day after); live quotes required for both.",USD,"Re-verified line by line 2026-08-28 (pass 2) against the sailing's own schedule-index page (date, duration, port sequence, interior per-person price) plus the official voyage deep link. Snapshot ≠ live quote; cabin class, taxes/fees and availability must be confirmed on the official page.",
LA-57,"Voyager of the Seas — 7-Night Ensenada, Cabo & Mazatlán",Royal Caribbean,2027-02-19,7 nights,"Los Angeles (San Pedro), CA",Ensenada; Cabo San Lucas; Mazatlán,$956,Interior snapshot $478/person; total is 2 × snapshot (re-confirmed unchanged 2026-08-28 pass 2),"CruiseTimetables per-sailing index + official line voyage deep link (pass 2, 2026-08-28)","https://www.royalcaribbean.com/cruises/itinerary/7-night-ensenada,-cabo-mazatlan-from-los-angeles-on-voyager/VY07LAX-2626294331?sail-date=2027-02-19&currency=USD",Official deals page (accessed 2026-08-28): Mexico sailings from LA advertised from $289; 2026 last-minute deals from $299; Kids Sail Free on select sailings; resident / 55+ / military / police & EMT rates. Sailing-specific applicability not verified: royalcaribbean.com/cruise-deals,VERIFIED PASS 2 · 2026-08-28 — Schedule + price snapshot (line-by-line),https://www.cruisetimetables.com/cruisesonvoyageroftheseas-19feb2027.html,2027-02-18,2027-02-27,SFO → LAX → SFO,$408 planning estimate,KAYAK route data: KAYAK route data (page accessed 2026-08-28): planning basis $204/person round trip (≈ midpoint of typical range $138–$272); cheapest round-trip observed $89,https://www.kayak.com/flight-routes/San-Francisco-SFO/Los-Angeles-LAX,"$1,364","Cruise snapshot + 2-adult flight planning estimate (SFO out the day before, back the day after); live quotes required for both.",USD,"Re-verified line by line 2026-08-28 (pass 2) against the sailing's own schedule-index page (date, duration, port sequence, interior per-person price) plus the official voyage deep link. Snapshot ≠ live quote; cabin class, taxes/fees and availability must be confirmed on the official page.",https://www.google.com/travel/flights?q=Flights%20from%20SFO%20to%20LAX%202027-02-18%2C%20return%202027-02-27%20for%202%20adults
LA-58,"Voyager of the Seas — 7-Night Cabo, Vallarta & Mazatlán",Royal Caribbean,2027-02-26,7 nights,"Los Angeles (San Pedro), CA",Cabo San Lucas; Mazatlán; Puerto Vallarta,"$1,018",Interior snapshot $509/person; total is 2 × snapshot (re-confirmed unchanged 2026-08-28 pass 2),"CruiseTimetables per-sailing index + official line voyage deep link (pass 2, 2026-08-28)","https://www.royalcaribbean.com/cruises/itinerary/7-night-cabo,-vallarta-mazatlan-from-los-angeles-on-voyager/VY07LAX-1182818524?sail-date=2027-02-26&currency=USD",Official deals page (accessed 2026-08-28): Mexico sailings from LA advertised from $289; 2026 last-minute deals from $299; Kids Sail Free on select sailings; resident / 55+ / military / police & EMT rates. Sailing-specific applicability not verified: royalcaribbean.com/cruise-deals,VERIFIED PASS 2 · 2026-08-28 — Schedule + price snapshot (line-by-line),https://www.cruisetimetables.com/cruisesonvoyageroftheseas-26feb2027.html,2027-02-25,2027-03-06,SFO → LAX → SFO,$408 planning estimate,KAYAK route data: KAYAK route data (page accessed 2026-08-28): planning basis $204/person round trip (≈ midpoint of typical range $138–$272); cheapest round-trip observed $89,https://www.kayak.com/flight-routes/San-Francisco-SFO/Los-Angeles-LAX,"$1,426","Cruise snapshot + 2-adult flight planning estimate (SFO out the day before, back the day after); live quotes required for both.",USD,"Re-verified line by line 2026-08-28 (pass 2) against the sailing's own schedule-index page (date, duration, port sequence, interior per-person price) plus the official voyage deep link. Snapshot ≠ live quote; cabin class, taxes/fees and availability must be confirmed on the official page.",https://www.google.com/travel/flights?q=Flights%20from%20SFO%20to%20LAX%202027-02-25%2C%20return%202027-03-06%20for%202%20adults
LA-59,"Voyager of the Seas — 7-Night Ensenada, Cabo & Mazatlán",Royal Caribbean,2027-03-05,7 nights,"Los Angeles (San Pedro), CA",Ensenada; Cabo San Lucas; Mazatlán,"$1,050",Interior snapshot $525/person; total is 2 × snapshot (re-confirmed unchanged 2026-08-28 pass 2),"CruiseTimetables per-sailing index + official line voyage deep link (pass 2, 2026-08-28)","https://www.royalcaribbean.com/cruises/itinerary/7-night-ensenada,-cabo-mazatlan-from-los-angeles-on-voyager/VY07LAX-2626294331?sail-date=2027-03-05&currency=USD",Official deals page (accessed 2026-08-28): Mexico sailings from LA advertised from $289; 2026 last-minute deals from $299; Kids Sail Free on select sailings; resident / 55+ / military / police & EMT rates. Sailing-specific applicability not verified: royalcaribbean.com/cruise-deals,VERIFIED PASS 2 · 2026-08-28 — Schedule + price snapshot (line-by-line),https://www.cruisetimetables.com/cruisesonvoyageroftheseas-05mar2027.html,2027-03-04,2027-03-13,SFO → LAX → SFO,$408 planning estimate,KAYAK route data: KAYAK route data (page accessed 2026-08-28): planning basis $204/person round trip (≈ midpoint of typical range $138–$272); cheapest round-trip observed $89,https://www.kayak.com/flight-routes/San-Francisco-SFO/Los-Angeles-LAX,"$1,458","Cruise snapshot + 2-adult flight planning estimate (SFO out the day before, back the day after); live quotes required for both.",USD,"Re-verified line by line 2026-08-28 (pass 2) against the sailing's own schedule-index page (date, duration, port sequence, interior per-person price) plus the official voyage deep link. Snapshot ≠ live quote; cabin class, taxes/fees and availability must be confirmed on the official page.",https://www.google.com/travel/flights?q=Flights%20from%20SFO%20to%20LAX%202027-03-04%2C%20return%202027-03-13%20for%202%20adults
LA-60,"Voyager of the Seas — 7-Night Cabo, Vallarta & Mazatlán",Royal Caribbean,2027-03-12,7 nights,"Los Angeles (San Pedro), CA",Cabo San Lucas; Mazatlán; Puerto Vallarta,"$1,218",Interior snapshot $609/person; total is 2 × snapshot (re-confirmed unchanged 2026-08-28 pass 2),"CruiseTimetables per-sailing index + official line voyage deep link (pass 2, 2026-08-28)","https://www.royalcaribbean.com/cruises/itinerary/7-night-cabo,-vallarta-mazatlan-from-los-angeles-on-voyager/VY07LAX-1182818524?sail-date=2027-03-12&currency=USD",Official deals page (accessed 2026-08-28): Mexico sailings from LA advertised from $289; 2026 last-minute deals from $299; Kids Sail Free on select sailings; resident / 55+ / military / police & EMT rates. Sailing-specific applicability not verified: royalcaribbean.com/cruise-deals,VERIFIED PASS 2 · 2026-08-28 — Schedule + price snapshot (line-by-line),https://www.cruisetimetables.com/cruisesonvoyageroftheseas-12mar2027.html,2027-03-11,2027-03-20,SFO → LAX → SFO,$408 planning estimate,KAYAK route data: KAYAK route data (page accessed 2026-08-28): planning basis $204/person round trip (≈ midpoint of typical range $138–$272); cheapest round-trip observed $89,https://www.kayak.com/flight-routes/San-Francisco-SFO/Los-Angeles-LAX,"$1,626","Cruise snapshot + 2-adult flight planning estimate (SFO out the day before, back the day after); live quotes required for both.",USD,"Re-verified line by line 2026-08-28 (pass 2) against the sailing's own schedule-index page (date, duration, port sequence, interior per-person price) plus the official voyage deep link. Snapshot ≠ live quote; cabin class, taxes/fees and availability must be confirmed on the official page.",https://www.google.com/travel/flights?q=Flights%20from%20SFO%20to%20LAX%202027-03-11%2C%20return%202027-03-20%20for%202%20adults
LA-61,"Voyager of the Seas — 7-Night Cabo, Vallarta & Mazatlán",Royal Caribbean,2027-03-19,7 nights,"Los Angeles (San Pedro), CA",Cabo San Lucas; Mazatlán; Puerto Vallarta,"$1,240",Interior snapshot $620/person; total is 2 × snapshot (re-confirmed unchanged 2026-08-28 pass 2),"CruiseTimetables per-sailing index + official line voyage deep link (pass 2, 2026-08-28)","https://www.royalcaribbean.com/cruises/itinerary/7-night-cabo,-vallarta-mazatlan-from-los-angeles-on-voyager/VY07LAX-1182818524?sail-date=2027-03-19&currency=USD",Official deals page (accessed 2026-08-28): Mexico sailings from LA advertised from $289; 2026 last-minute deals from $299; Kids Sail Free on select sailings; resident / 55+ / military / police & EMT rates. Sailing-specific applicability not verified: royalcaribbean.com/cruise-deals,VERIFIED PASS 2 · 2026-08-28 — Schedule + price snapshot (line-by-line),https://www.cruisetimetables.com/cruisesonvoyageroftheseas-19mar2027.html,2027-03-18,2027-03-27,SFO → LAX → SFO,$408 planning estimate,KAYAK route data: KAYAK route data (page accessed 2026-08-28): planning basis $204/person round trip (≈ midpoint of typical range $138–$272); cheapest round-trip observed $89,https://www.kayak.com/flight-routes/San-Francisco-SFO/Los-Angeles-LAX,"$1,648","Cruise snapshot + 2-adult flight planning estimate (SFO out the day before, back the day after); live quotes required for both.",USD,"Re-verified line by line 2026-08-28 (pass 2) against the sailing's own schedule-index page (date, duration, port sequence, interior per-person price) plus the official voyage deep link. Snapshot ≠ live quote; cabin class, taxes/fees and availability must be confirmed on the official page.",https://www.google.com/travel/flights?q=Flights%20from%20SFO%20to%20LAX%202027-03-18%2C%20return%202027-03-27%20for%202%20adults
LA-62,Voyager of the Seas — 6-Night Cabo Overnight & Catalina,Royal Caribbean,2027-03-26,6 nights,"Los Angeles (San Pedro), CA",Catalina Island; Cabo San Lucas (overnight),"$1,276",Interior snapshot $638/person; total is 2 × snapshot (re-confirmed unchanged 2026-08-28 pass 2),"CruiseTimetables per-sailing index + official line voyage deep link (pass 2, 2026-08-28)",https://www.royalcaribbean.com/cruises/itinerary/6-night-cabo-overnight-catalina-from-los-angeles-on-voyager/VY06LAX-1729758938?sail-date=2027-03-26&currency=USD,Official deals page (accessed 2026-08-28): Mexico sailings from LA advertised from $289; 2026 last-minute deals from $299; Kids Sail Free on select sailings; resident / 55+ / military / police & EMT rates. Sailing-specific applicability not verified: royalcaribbean.com/cruise-deals,VERIFIED PASS 2 · 2026-08-28 — Schedule + price snapshot (line-by-line),https://www.cruisetimetables.com/cruisesonvoyageroftheseas-26mar2027.html,2027-03-25,2027-04-02,SFO → LAX → SFO,$408 planning estimate,KAYAK route data: KAYAK route data (page accessed 2026-08-28): planning basis $204/person round trip (≈ midpoint of typical range $138–$272); cheapest round-trip observed $89,https://www.kayak.com/flight-routes/San-Francisco-SFO/Los-Angeles-LAX,"$1,684","Cruise snapshot + 2-adult flight planning estimate (SFO out the day before, back the day after); live quotes required for both.",USD,"Re-verified line by line 2026-08-28 (pass 2) against the sailing's own schedule-index page (date, duration, port sequence, interior per-person price) plus the official voyage deep link. Snapshot ≠ live quote; cabin class, taxes/fees and availability must be confirmed on the official page.",https://www.google.com/travel/flights?q=Flights%20from%20SFO%20to%20LAX%202027-03-25%2C%20return%202027-04-02%20for%202%20adults
LA-63,"Ovation of the Seas — 7-Night Cabo Overnight, Catalina & Ensenada",Royal Caribbean,2027-02-26,7 nights,"Los Angeles (San Pedro), CA",Catalina Island; Cabo San Lucas (overnight); Ensenada,"$1,300",Interior snapshot $650/person; total is 2 × snapshot (re-confirmed unchanged 2026-08-28 pass 2),"CruiseTimetables per-sailing index + official line voyage deep link (pass 2, 2026-08-28)",https://www.royalcaribbean.com/cruises/itinerary/7-night-cabo-overnight-catalina-ensenada-from-los-angeles-on-ovation/OV07LAX-1983939617?sail-date=2027-02-26&currency=USD,Official deals page (accessed 2026-08-28): Mexico sailings from LA advertised from $289; 2026 last-minute deals from $299; Kids Sail Free on select sailings; resident / 55+ / military / police & EMT rates. Sailing-specific applicability not verified: royalcaribbean.com/cruise-deals,VERIFIED PASS 2 · 2026-08-28 — Schedule + price snapshot (line-by-line),https://www.cruisetimetables.com/cruisesonovationoftheseas-26feb2027.html,2027-02-25,2027-03-06,SFO → LAX → SFO,$408 planning estimate,KAYAK route data: KAYAK route data (page accessed 2026-08-28): planning basis $204/person round trip (≈ midpoint of typical range $138–$272); cheapest round-trip observed $89,https://www.kayak.com/flight-routes/San-Francisco-SFO/Los-Angeles-LAX,"$1,708","Cruise snapshot + 2-adult flight planning estimate (SFO out the day before, back the day after); live quotes required for both.",USD,"Re-verified line by line 2026-08-28 (pass 2) against the sailing's own schedule-index page (date, duration, port sequence, interior per-person price) plus the official voyage deep link. Snapshot ≠ live quote; cabin class, taxes/fees and availability must be confirmed on the official page.",https://www.google.com/travel/flights?q=Flights%20from%20SFO%20to%20LAX%202027-02-25%2C%20return%202027-03-06%20for%202%20adults
LA-64,Ovation of the Seas — 3-Night Ensenada,Royal Caribbean,2027-03-05,3 nights,"Los Angeles (San Pedro), CA",Ensenada,$650,Interior snapshot $325/person; total is 2 × snapshot (re-confirmed unchanged 2026-08-28 pass 2),"CruiseTimetables per-sailing index + official line voyage deep link (pass 2, 2026-08-28)",https://www.royalcaribbean.com/cruises/itinerary/3-night-ensenada-from-los-angeles-on-ovation/OV03LAX-1965470999?sail-date=2027-03-05&currency=USD,Official deals page (accessed 2026-08-28): Mexico sailings from LA advertised from $289; 2026 last-minute deals from $299; Kids Sail Free on select sailings; resident / 55+ / military / police & EMT rates. Sailing-specific applicability not verified: royalcaribbean.com/cruise-deals,VERIFIED PASS 2 · 2026-08-28 — Schedule + price snapshot (line-by-line),https://www.cruisetimetables.com/cruisesonovationoftheseas-05mar2027.html,2027-03-04,2027-03-09,SFO → LAX → SFO,$408 planning estimate,KAYAK route data: KAYAK route data (page accessed 2026-08-28): planning basis $204/person round trip (≈ midpoint of typical range $138–$272); cheapest round-trip observed $89,https://www.kayak.com/flight-routes/San-Francisco-SFO/Los-Angeles-LAX,"$1,058","Cruise snapshot + 2-adult flight planning estimate (SFO out the day before, back the day after); live quotes required for both.",USD,"Re-verified line by line 2026-08-28 (pass 2) against the sailing's own schedule-index page (date, duration, port sequence, interior per-person price) plus the official voyage deep link. Snapshot ≠ live quote; cabin class, taxes/fees and availability must be confirmed on the official page.",https://www.google.com/travel/flights?q=Flights%20from%20SFO%20to%20LAX%202027-03-04%2C%20return%202027-03-09%20for%202%20adults
LA-65,Ovation of the Seas — 4-Night Catalina & Ensenada,Royal Caribbean,2027-03-08,4 nights,"Los Angeles (San Pedro), CA",Catalina Island; Ensenada,$732,Interior snapshot $366/person; total is 2 × snapshot (re-confirmed unchanged 2026-08-28 pass 2),"CruiseTimetables per-sailing index + official line voyage deep link (pass 2, 2026-08-28)",https://www.royalcaribbean.com/cruises/itinerary/4-night-catalina-ensenada-from-los-angeles-on-ovation/OV04LAX-1005460505?sail-date=2027-03-08&currency=USD,Official deals page (accessed 2026-08-28): Mexico sailings from LA advertised from $289; 2026 last-minute deals from $299; Kids Sail Free on select sailings; resident / 55+ / military / police & EMT rates. Sailing-specific applicability not verified: royalcaribbean.com/cruise-deals,VERIFIED PASS 2 · 2026-08-28 — Schedule + price snapshot (line-by-line),https://www.cruisetimetables.com/cruisesonovationoftheseas-08mar2027.html,2027-03-07,2027-03-13,SFO → LAX → SFO,$408 planning estimate,KAYAK route data: KAYAK route data (page accessed 2026-08-28): planning basis $204/person round trip (≈ midpoint of typical range $138–$272); cheapest round-trip observed $89,https://www.kayak.com/flight-routes/San-Francisco-SFO/Los-Angeles-LAX,"$1,140","Cruise snapshot + 2-adult flight planning estimate (SFO out the day before, back the day after); live quotes required for both.",USD,"Re-verified line by line 2026-08-28 (pass 2) against the sailing's own schedule-index page (date, duration, port sequence, interior per-person price) plus the official voyage deep link. Snapshot ≠ live quote; cabin class, taxes/fees and availability must be confirmed on the official page.",https://www.google.com/travel/flights?q=Flights%20from%20SFO%20to%20LAX%202027-03-07%2C%20return%202027-03-13%20for%202%20adults
LA-66,"Ovation of the Seas — 7-Night Cabo Overnight, Catalina & Ensenada",Royal Caribbean,2027-03-12,7 nights,"Los Angeles (San Pedro), CA",Catalina Island; Cabo San Lucas (overnight); Ensenada,"$1,412",Interior snapshot $706/person; total is 2 × snapshot (re-confirmed unchanged 2026-08-28 pass 2),"CruiseTimetables per-sailing index + official line voyage deep link (pass 2, 2026-08-28)",https://www.royalcaribbean.com/cruises/itinerary/7-night-cabo-overnight-catalina-ensenada-from-los-angeles-on-ovation/OV07LAX-1983939617?sail-date=2027-03-12&currency=USD,Official deals page (accessed 2026-08-28): Mexico sailings from LA advertised from $289; 2026 last-minute deals from $299; Kids Sail Free on select sailings; resident / 55+ / military / police & EMT rates. Sailing-specific applicability not verified: royalcaribbean.com/cruise-deals,VERIFIED PASS 2 · 2026-08-28 — Schedule + price snapshot (line-by-line),https://www.cruisetimetables.com/cruisesonovationoftheseas-12mar2027.html,2027-03-11,2027-03-20,SFO → LAX → SFO,$408 planning estimate,KAYAK route data: KAYAK route data (page accessed 2026-08-28): planning basis $204/person round trip (≈ midpoint of typical range $138–$272); cheapest round-trip observed $89,https://www.kayak.com/flight-routes/San-Francisco-SFO/Los-Angeles-LAX,"$1,820","Cruise snapshot + 2-adult flight planning estimate (SFO out the day before, back the day after); live quotes required for both.",USD,"Re-verified line by line 2026-08-28 (pass 2) against the sailing's own schedule-index page (date, duration, port sequence, interior per-person price) plus the official voyage deep link. Snapshot ≠ live quote; cabin class, taxes/fees and availability must be confirmed on the official page.",https://www.google.com/travel/flights?q=Flights%20from%20SFO%20to%20LAX%202027-03-11%2C%20return%202027-03-20%20for%202%20adults
LA-67,Ovation of the Seas — 3-Night Ensenada,Royal Caribbean,2027-03-19,3 nights,"Los Angeles (San Pedro), CA",Ensenada,$698,Interior snapshot $349/person; total is 2 × snapshot (re-confirmed unchanged 2026-08-28 pass 2),"CruiseTimetables per-sailing index + official line voyage deep link (pass 2, 2026-08-28)",https://www.royalcaribbean.com/cruises/itinerary/3-night-ensenada-from-los-angeles-on-ovation/OV03LAX-1965470999?sail-date=2027-03-19&currency=USD,Official deals page (accessed 2026-08-28): Mexico sailings from LA advertised from $289; 2026 last-minute deals from $299; Kids Sail Free on select sailings; resident / 55+ / military / police & EMT rates. Sailing-specific applicability not verified: royalcaribbean.com/cruise-deals,VERIFIED PASS 2 · 2026-08-28 — Schedule + price snapshot (line-by-line),https://www.cruisetimetables.com/cruisesonovationoftheseas-19mar2027.html,2027-03-18,2027-03-23,SFO → LAX → SFO,$408 planning estimate,KAYAK route data: KAYAK route data (page accessed 2026-08-28): planning basis $204/person round trip (≈ midpoint of typical range $138–$272); cheapest round-trip observed $89,https://www.kayak.com/flight-routes/San-Francisco-SFO/Los-Angeles-LAX,"$1,106","Cruise snapshot + 2-adult flight planning estimate (SFO out the day before, back the day after); live quotes required for both.",USD,"Re-verified line by line 2026-08-28 (pass 2) against the sailing's own schedule-index page (date, duration, port sequence, interior per-person price) plus the official voyage deep link. Snapshot ≠ live quote; cabin class, taxes/fees and availability must be confirmed on the official page.",https://www.google.com/travel/flights?q=Flights%20from%20SFO%20to%20LAX%202027-03-18%2C%20return%202027-03-23%20for%202%20adults
LA-68,Ovation of the Seas — 4-Night Catalina & Ensenada,Royal Caribbean,2027-03-22,4 nights,"Los Angeles (San Pedro), CA",Catalina Island; Ensenada,$856,Interior snapshot $428/person; total is 2 × snapshot (re-confirmed unchanged 2026-08-28 pass 2),"CruiseTimetables per-sailing index + official line voyage deep link (pass 2, 2026-08-28)",https://www.royalcaribbean.com/cruises/itinerary/4-night-catalina-ensenada-from-los-angeles-on-ovation/OV04LAX-1005460505?sail-date=2027-03-22&currency=USD,Official deals page (accessed 2026-08-28): Mexico sailings from LA advertised from $289; 2026 last-minute deals from $299; Kids Sail Free on select sailings; resident / 55+ / military / police & EMT rates. Sailing-specific applicability not verified: royalcaribbean.com/cruise-deals,VERIFIED PASS 2 · 2026-08-28 — Schedule + price snapshot (line-by-line),https://www.cruisetimetables.com/cruisesonovationoftheseas-22mar2027.html,2027-03-21,2027-03-27,SFO → LAX → SFO,$408 planning estimate,KAYAK route data: KAYAK route data (page accessed 2026-08-28): planning basis $204/person round trip (≈ midpoint of typical range $138–$272); cheapest round-trip observed $89,https://www.kayak.com/flight-routes/San-Francisco-SFO/Los-Angeles-LAX,"$1,264","Cruise snapshot + 2-adult flight planning estimate (SFO out the day before, back the day after); live quotes required for both.",USD,"Re-verified line by line 2026-08-28 (pass 2) against the sailing's own schedule-index page (date, duration, port sequence, interior per-person price) plus the official voyage deep link. Snapshot ≠ live quote; cabin class, taxes/fees and availability must be confirmed on the official page.",https://www.google.com/travel/flights?q=Flights%20from%20SFO%20to%20LAX%202027-03-21%2C%20return%202027-03-27%20for%202%20adults
LA-69,Ovation of the Seas — 3-Night Ensenada,Royal Caribbean,2027-03-26,3 nights,"Los Angeles (San Pedro), CA",Ensenada,$976,Interior snapshot $488/person; total is 2 × snapshot (re-confirmed unchanged 2026-08-28 pass 2),"CruiseTimetables per-sailing index + official line voyage deep link (pass 2, 2026-08-28)",https://www.royalcaribbean.com/cruises/itinerary/3-night-ensenada-from-los-angeles-on-ovation/OV03LAX-1965470999?sail-date=2027-03-26&currency=USD,Official deals page (accessed 2026-08-28): Mexico sailings from LA advertised from $289; 2026 last-minute deals from $299; Kids Sail Free on select sailings; resident / 55+ / military / police & EMT rates. Sailing-specific applicability not verified: royalcaribbean.com/cruise-deals,VERIFIED PASS 2 · 2026-08-28 — Schedule + price snapshot (line-by-line),https://www.cruisetimetables.com/cruisesonovationoftheseas-26mar2027.html,2027-03-25,2027-03-30,SFO → LAX → SFO,$408 planning estimate,KAYAK route data: KAYAK route data (page accessed 2026-08-28): planning basis $204/person round trip (≈ midpoint of typical range $138–$272); cheapest round-trip observed $89,https://www.kayak.com/flight-routes/San-Francisco-SFO/Los-Angeles-LAX,"$1,384","Cruise snapshot + 2-adult flight planning estimate (SFO out the day before, back the day after); live quotes required for both.",USD,"Re-verified line by line 2026-08-28 (pass 2) against the sailing's own schedule-index page (date, duration, port sequence, interior per-person price) plus the official voyage deep link. Snapshot ≠ live quote; cabin class, taxes/fees and availability must be confirmed on the official page.",https://www.google.com/travel/flights?q=Flights%20from%20SFO%20to%20LAX%202027-03-25%2C%20return%202027-03-30%20for%202%20adults
LA-70,Ovation of the Seas — 4-Night Catalina & Ensenada,Royal Caribbean,2027-03-29,4 nights,"Los Angeles (San Pedro), CA",Catalina Island; Ensenada,$878,Interior snapshot $439/person; total is 2 × snapshot (re-confirmed unchanged 2026-08-28 pass 2),"CruiseTimetables per-sailing index + official line voyage deep link (pass 2, 2026-08-28)",https://www.royalcaribbean.com/cruises/itinerary/4-night-catalina-ensenada-from-los-angeles-on-ovation/OV04LAX-1005460505?sail-date=2027-03-29&currency=USD,Official deals page (accessed 2026-08-28): Mexico sailings from LA advertised from $289; 2026 last-minute deals from $299; Kids Sail Free on select sailings; resident / 55+ / military / police & EMT rates. Sailing-specific applicability not verified: royalcaribbean.com/cruise-deals,VERIFIED PASS 2 · 2026-08-28 — Schedule + price snapshot (line-by-line),https://www.cruisetimetables.com/cruisesonovationoftheseas-29mar2027.html,2027-03-28,2027-04-03,SFO → LAX → SFO,$408 planning estimate,KAYAK route data: KAYAK route data (page accessed 2026-08-28): planning basis $204/person round trip (≈ midpoint of typical range $138–$272); cheapest round-trip observed $89,https://www.kayak.com/flight-routes/San-Francisco-SFO/Los-Angeles-LAX,"$1,286","Cruise snapshot + 2-adult flight planning estimate (SFO out the day before, back the day after); live quotes required for both.",USD,"Re-verified line by line 2026-08-28 (pass 2) against the sailing's own schedule-index page (date, duration, port sequence, interior per-person price) plus the official voyage deep link. Snapshot ≠ live quote; cabin class, taxes/fees and availability must be confirmed on the official page.",https://www.google.com/travel/flights?q=Flights%20from%20SFO%20to%20LAX%202027-03-28%2C%20return%202027-04-03%20for%202%20adults
LA-71,Discovery Princess — 7-Night Mexican Riviera,Princess Cruises,2027-02-20,7 nights,"Los Angeles (San Pedro), CA",Cabo San Lucas; Mazatlán; Puerto Vallarta,"$1,198",Interior snapshot $599/person; total is 2 × snapshot (re-confirmed unchanged 2026-08-28 pass 2),"CruiseTimetables per-sailing index + official line voyage deep link (pass 2, 2026-08-28)",https://www.princess.com/itinerary-details/?voyageCode=X709,"Official deals page (accessed 2026-08-28): 'up to $600 per room onboard spend + low deposit' offer listed for bookings by Aug 31, 2026; page/geo terms vary. Sailing-specific applicability not verified: princess.com/cruise-deals-promotions",VERIFIED PASS 2 · 2026-08-28 — Schedule + price snapshot (line-by-line),https://www.cruisetimetables.com/cruisesondiscoveryprincess-20feb2027.html,2027-02-19,2027-02-28,SFO → LAX → SFO,$408 planning estimate,KAYAK route data: KAYAK route data (page accessed 2026-08-28): planning basis $204/person round trip (≈ midpoint of typical range $138–$272); cheapest round-trip observed $89,https://www.kayak.com/flight-routes/San-Francisco-SFO/Los-Angeles-LAX,"$1,606","Cruise snapshot + 2-adult flight planning estimate (SFO out the day before, back the day after); live quotes required for both.",USD,"Re-verified line by line 2026-08-28 (pass 2) against the sailing's own schedule-index page (date, duration, port sequence, interior per-person price) plus the official voyage deep link. Snapshot ≠ live quote; cabin class, taxes/fees and availability must be confirmed on the official page.",https://www.google.com/travel/flights?q=Flights%20from%20SFO%20to%20LAX%202027-02-19%2C%20return%202027-02-28%20for%202%20adults
LA-72,Discovery Princess — 7-Night Mexican Riviera,Princess Cruises,2027-02-27,7 nights,"Los Angeles (San Pedro), CA",Cabo San Lucas; Mazatlán; Puerto Vallarta,"$1,098",Interior snapshot $549/person; total is 2 × snapshot (re-confirmed unchanged 2026-08-28 pass 2),"CruiseTimetables per-sailing index + official line voyage deep link (pass 2, 2026-08-28)",https://www.princess.com/itinerary-details/?voyageCode=X710,"Official deals page (accessed 2026-08-28): 'up to $600 per room onboard spend + low deposit' offer listed for bookings by Aug 31, 2026; page/geo terms vary. Sailing-specific applicability not verified: princess.com/cruise-deals-promotions",VERIFIED PASS 2 · 2026-08-28 — Schedule + price snapshot (line-by-line),https://www.cruisetimetables.com/cruisesondiscoveryprincess-27feb2027.html,2027-02-26,2027-03-07,SFO → LAX → SFO,$408 planning estimate,KAYAK route data: KAYAK route data (page accessed 2026-08-28): planning basis $204/person round trip (≈ midpoint of typical range $138–$272); cheapest round-trip observed $89,https://www.kayak.com/flight-routes/San-Francisco-SFO/Los-Angeles-LAX,"$1,506","Cruise snapshot + 2-adult flight planning estimate (SFO out the day before, back the day after); live quotes required for both.",USD,"Re-verified line by line 2026-08-28 (pass 2) against the sailing's own schedule-index page (date, duration, port sequence, interior per-person price) plus the official voyage deep link. Snapshot ≠ live quote; cabin class, taxes/fees and availability must be confirmed on the official page.",https://www.google.com/travel/flights?q=Flights%20from%20SFO%20to%20LAX%202027-02-26%2C%20return%202027-03-07%20for%202%20adults
LA-73,Discovery Princess — 7-Night Mexican Riviera,Princess Cruises,2027-03-06,7 nights,"Los Angeles (San Pedro), CA",Cabo San Lucas; Mazatlán; Puerto Vallarta,"$1,498",Interior snapshot $749/person; total is 2 × snapshot (re-confirmed unchanged 2026-08-28 pass 2),"CruiseTimetables per-sailing index + official line voyage deep link (pass 2, 2026-08-28)",https://www.princess.com/itinerary-details/?voyageCode=X711,"Official deals page (accessed 2026-08-28): 'up to $600 per room onboard spend + low deposit' offer listed for bookings by Aug 31, 2026; page/geo terms vary. Sailing-specific applicability not verified: princess.com/cruise-deals-promotions",VERIFIED PASS 2 · 2026-08-28 — Schedule + price snapshot (line-by-line),https://www.cruisetimetables.com/cruisesondiscoveryprincess-06mar2027.html,2027-03-05,2027-03-14,SFO → LAX → SFO,$408 planning estimate,KAYAK route data: KAYAK route data (page accessed 2026-08-28): planning basis $204/person round trip (≈ midpoint of typical range $138–$272); cheapest round-trip observed $89,https://www.kayak.com/flight-routes/San-Francisco-SFO/Los-Angeles-LAX,"$1,906","Cruise snapshot + 2-adult flight planning estimate (SFO out the day before, back the day after); live quotes required for both.",USD,"Re-verified line by line 2026-08-28 (pass 2) against the sailing's own schedule-index page (date, duration, port sequence, interior per-person price) plus the official voyage deep link. Snapshot ≠ live quote; cabin class, taxes/fees and availability must be confirmed on the official page.",https://www.google.com/travel/flights?q=Flights%20from%20SFO%20to%20LAX%202027-03-05%2C%20return%202027-03-14%20for%202%20adults
LA-74,Discovery Princess — 7-Night Mexican Riviera,Princess Cruises,2027-03-13,7 nights,"Los Angeles (San Pedro), CA",Cabo San Lucas; Mazatlán; Puerto Vallarta,"$1,158",Interior snapshot $579/person; total is 2 × snapshot (re-confirmed unchanged 2026-08-28 pass 2),"CruiseTimetables per-sailing index + official line voyage deep link (pass 2, 2026-08-28)",https://www.princess.com/itinerary-details/?voyageCode=X712,"Official deals page (accessed 2026-08-28): 'up to $600 per room onboard spend + low deposit' offer listed for bookings by Aug 31, 2026; page/geo terms vary. Sailing-specific applicability not verified: princess.com/cruise-deals-promotions",VERIFIED PASS 2 · 2026-08-28 — Schedule + price snapshot (line-by-line),https://www.cruisetimetables.com/cruisesondiscoveryprincess-13mar2027.html,2027-03-12,2027-03-21,SFO → LAX → SFO,$408 planning estimate,KAYAK route data: KAYAK route data (page accessed 2026-08-28): planning basis $204/person round trip (≈ midpoint of typical range $138–$272); cheapest round-trip observed $89,https://www.kayak.com/flight-routes/San-Francisco-SFO/Los-Angeles-LAX,"$1,566","Cruise snapshot + 2-adult flight planning estimate (SFO out the day before, back the day after); live quotes required for both.",USD,"Re-verified line by line 2026-08-28 (pass 2) against the sailing's own schedule-index page (date, duration, port sequence, interior per-person price) plus the official voyage deep link. Snapshot ≠ live quote; cabin class, taxes/fees and availability must be confirmed on the official page.",https://www.google.com/travel/flights?q=Flights%20from%20SFO%20to%20LAX%202027-03-12%2C%20return%202027-03-21%20for%202%20adults
LA-75,Discovery Princess — 7-Night Mexican Riviera,Princess Cruises,2027-03-20,7 nights,"Los Angeles (San Pedro), CA",Cabo San Lucas; Mazatlán; Puerto Vallarta,"$1,298",Interior snapshot $649/person; total is 2 × snapshot (re-confirmed unchanged 2026-08-28 pass 2),"CruiseTimetables per-sailing index + official line voyage deep link (pass 2, 2026-08-28)",https://www.princess.com/itinerary-details/?voyageCode=X713,"Official deals page (accessed 2026-08-28): 'up to $600 per room onboard spend + low deposit' offer listed for bookings by Aug 31, 2026; page/geo terms vary. Sailing-specific applicability not verified: princess.com/cruise-deals-promotions",VERIFIED PASS 2 · 2026-08-28 — Schedule + price snapshot (line-by-line),https://www.cruisetimetables.com/cruisesondiscoveryprincess-20mar2027.html,2027-03-19,2027-03-28,SFO → LAX → SFO,$408 planning estimate,KAYAK route data: KAYAK route data (page accessed 2026-08-28): planning basis $204/person round trip (≈ midpoint of typical range $138–$272); cheapest round-trip observed $89,https://www.kayak.com/flight-routes/San-Francisco-SFO/Los-Angeles-LAX,"$1,706","Cruise snapshot + 2-adult flight planning estimate (SFO out the day before, back the day after); live quotes required for both.",USD,"Re-verified line by line 2026-08-28 (pass 2) against the sailing's own schedule-index page (date, duration, port sequence, interior per-person price) plus the official voyage deep link. Snapshot ≠ live quote; cabin class, taxes/fees and availability must be confirmed on the official page.",https://www.google.com/travel/flights?q=Flights%20from%20SFO%20to%20LAX%202027-03-19%2C%20return%202027-03-28%20for%202%20adults
LA-76,Discovery Princess — 7-Night Mexican Riviera,Princess Cruises,2027-03-27,7 nights,"Los Angeles (San Pedro), CA",Cabo San Lucas; Mazatlán; Puerto Vallarta,"$1,108",Interior snapshot $554/person; total is 2 × snapshot (re-confirmed unchanged 2026-08-28 pass 2),"CruiseTimetables per-sailing index + official line voyage deep link (pass 2, 2026-08-28)",https://www.princess.com/itinerary-details/?voyageCode=X714,"Official deals page (accessed 2026-08-28): 'up to $600 per room onboard spend + low deposit' offer listed for bookings by Aug 31, 2026; page/geo terms vary. Sailing-specific applicability not verified: princess.com/cruise-deals-promotions",VERIFIED PASS 2 · 2026-08-28 — Schedule + price snapshot (line-by-line),https://www.cruisetimetables.com/cruisesondiscoveryprincess-27mar2027.html,2027-03-26,2027-04-04,SFO → LAX → SFO,$408 planning estimate,KAYAK route data: KAYAK route data (page accessed 2026-08-28): planning basis $204/person round trip (≈ midpoint of typical range $138–$272); cheapest round-trip observed $89,https://www.kayak.com/flight-routes/San-Francisco-SFO/Los-Angeles-LAX,"$1,516","Cruise snapshot + 2-adult flight planning estimate (SFO out the day before, back the day after); live quotes required for both.",USD,"Re-verified line by line 2026-08-28 (pass 2) against the sailing's own schedule-index page (date, duration, port sequence, interior per-person price) plus the official voyage deep link. Snapshot ≠ live quote; cabin class, taxes/fees and availability must be confirmed on the official page.",https://www.google.com/travel/flights?q=Flights%20from%20SFO%20to%20LAX%202027-03-26%2C%20return%202027-04-04%20for%202%20adults
LA-77,Emerald Princess — 16-Night Hawaiian Islands,Princess Cruises,2027-02-26,16 nights,"Los Angeles (San Pedro), CA",Hilo; Honolulu (Oahu); Nawiliwili (Kauai); Kailua Kona; Ensenada,"$2,378","Interior snapshot $1,189/person; total is 2 × snapshot (re-confirmed unchanged 2026-08-28 pass 2)","CruiseTimetables per-sailing index + official line voyage deep link (pass 2, 2026-08-28)",https://www.princess.com/itinerary-details/?voyageCode=E705,"Official deals page (accessed 2026-08-28): 'up to $600 per room onboard spend + low deposit' offer listed for bookings by Aug 31, 2026; page/geo terms vary. Sailing-specific applicability not verified: princess.com/cruise-deals-promotions",VERIFIED PASS 2 · 2026-08-28 — Schedule + price snapshot (line-by-line),https://www.cruisetimetables.com/cruisesonemeraldprincess-26feb2027.html,2027-02-25,2027-03-15,SFO → LAX → SFO,$408 planning estimate,KAYAK route data: KAYAK route data (page accessed 2026-08-28): planning basis $204/person round trip (≈ midpoint of typical range $138–$272); cheapest round-trip observed $89,https://www.kayak.com/flight-routes/San-Francisco-SFO/Los-Angeles-LAX,"$2,786","Cruise snapshot + 2-adult flight planning estimate (SFO out the day before, back the day after); live quotes required for both.",USD,"Re-verified line by line 2026-08-28 (pass 2) against the sailing's own schedule-index page (date, duration, port sequence, interior per-person price) plus the official voyage deep link. Snapshot ≠ live quote; cabin class, taxes/fees and availability must be confirmed on the official page.",https://www.google.com/travel/flights?q=Flights%20from%20SFO%20to%20LAX%202027-02-25%2C%20return%202027-03-15%20for%202%20adults
LA-78,Emerald Princess — 7-Night Classic California Coast,Princess Cruises,2027-03-21,7 nights,"Los Angeles (San Pedro), CA",Ensenada; San Diego; San Francisco (overnight),"$1,058",Interior snapshot $529/person; total is 2 × snapshot (re-confirmed unchanged 2026-08-28 pass 2),"CruiseTimetables per-sailing index + official line voyage deep link (pass 2, 2026-08-28)",https://www.princess.com/itinerary-details/?voyageCode=E707,"Official deals page (accessed 2026-08-28): 'up to $600 per room onboard spend + low deposit' offer listed for bookings by Aug 31, 2026; page/geo terms vary. Sailing-specific applicability not verified: princess.com/cruise-deals-promotions",VERIFIED PASS 2 · 2026-08-28 — Schedule + price snapshot (line-by-line),https://www.cruisetimetables.com/cruisesonemeraldprincess-21mar2027.html,2027-03-20,2027-03-29,SFO → LAX → SFO,$408 planning estimate,KAYAK route data: KAYAK route data (page accessed 2026-08-28): planning basis $204/person round trip (≈ midpoint of typical range $138–$272); cheapest round-trip observed $89,https://www.kayak.com/flight-routes/San-Francisco-SFO/Los-Angeles-LAX,"$1,466","Cruise snapshot + 2-adult flight planning estimate (SFO out the day before, back the day after); live quotes required for both.",USD,"Re-verified line by line 2026-08-28 (pass 2) against the sailing's own schedule-index page (date, duration, port sequence, interior per-person price) plus the official voyage deep link. Snapshot ≠ live quote; cabin class, taxes/fees and availability must be confirmed on the official page.",https://www.google.com/travel/flights?q=Flights%20from%20SFO%20to%20LAX%202027-03-20%2C%20return%202027-03-29%20for%202%20adults
LA-79,Carnival Panorama — 6-Day Mexican Riviera,Carnival Cruise Line,2027-03-07,6 nights,"Long Beach (Los Angeles), CA",Cabo San Lucas; Ensenada,$668,Interior snapshot $334/person; total is 2 × snapshot (re-confirmed unchanged 2026-08-28 pass 2),"CruiseTimetables per-sailing index + official line voyage deep link (pass 2, 2026-08-28)",https://www.carnival.com/itinerary/6-day-mexican-riviera-cruise/long-beach-los-angeles/panorama/6-days/mrk/?sailDate=03072027,"Official Cruise Deals page (accessed 2026-08-28, ends Aug 31 2026 unless noted): Sail Away Soon Pack & Go Sale — up to 55% off, select sailings through Feb 2027; Early Saver Bonus — $1 room upgrade, save up to $1,100/room, deposits from $49pp, up to $50 onboard credit, sailings through Apr 2029; More Time, More Perks — 50% off deposits, up to 40% off, final payment 30 days out, sailings through May 2027; Free 3rd & 4th Guest Sale (cabins of 3+, through May 2027). Sailing-specific applicability not verified: carnival.com/cruise-deals",VERIFIED PASS 2 · 2026-08-28 — Schedule + price snapshot (line-by-line),https://www.cruisetimetables.com/cruisesoncarnivalpanorama-07mar2027.html,2027-03-06,2027-03-14,SFO → LAX → SFO,$408 planning estimate,KAYAK route data: KAYAK route data (page accessed 2026-08-28): planning basis $204/person round trip (≈ midpoint of typical range $138–$272); cheapest round-trip observed $89,https://www.kayak.com/flight-routes/San-Francisco-SFO/Los-Angeles-LAX,"$1,076","Cruise snapshot + 2-adult flight planning estimate (SFO out the day before, back the day after); live quotes required for both.",USD,"Re-verified line by line 2026-08-28 (pass 2) against the sailing's own schedule-index page (date, duration, port sequence, interior per-person price) plus the official voyage deep link. Snapshot ≠ live quote; cabin class, taxes/fees and availability must be confirmed on the official page.",https://www.google.com/travel/flights?q=Flights%20from%20SFO%20to%20LAX%202027-03-06%2C%20return%202027-03-14%20for%202%20adults
LA-80,Carnival Panorama — 8-Day Mexican Riviera,Carnival Cruise Line,2027-03-13,8 nights,"Long Beach (Los Angeles), CA",Puerto Vallarta; Mazatlán; La Paz; Cabo San Lucas,"$1,186",Interior snapshot $593/person; total is 2 × snapshot (re-confirmed unchanged 2026-08-28 pass 2),"CruiseTimetables per-sailing index + official line voyage deep link (pass 2, 2026-08-28)",https://www.carnival.com/itinerary/8-day-mexican-riviera-cruise/long-beach-los-angeles/panorama/8-days/mrx/?sailDate=03132027,"Official Cruise Deals page (accessed 2026-08-28, ends Aug 31 2026 unless noted): Sail Away Soon Pack & Go Sale — up to 55% off, select sailings through Feb 2027; Early Saver Bonus — $1 room upgrade, save up to $1,100/room, deposits from $49pp, up to $50 onboard credit, sailings through Apr 2029; More Time, More Perks — 50% off deposits, up to 40% off, final payment 30 days out, sailings through May 2027; Free 3rd & 4th Guest Sale (cabins of 3+, through May 2027). Sailing-specific applicability not verified: carnival.com/cruise-deals",VERIFIED PASS 2 · 2026-08-28 — Schedule + price snapshot (line-by-line),https://www.cruisetimetables.com/cruisesoncarnivalpanorama-13mar2027.html,2027-03-12,2027-03-22,SFO → LAX → SFO,$408 planning estimate,KAYAK route data: KAYAK route data (page accessed 2026-08-28): planning basis $204/person round trip (≈ midpoint of typical range $138–$272); cheapest round-trip observed $89,https://www.kayak.com/flight-routes/San-Francisco-SFO/Los-Angeles-LAX,"$1,594","Cruise snapshot + 2-adult flight planning estimate (SFO out the day before, back the day after); live quotes required for both.",USD,"Re-verified line by line 2026-08-28 (pass 2) against the sailing's own schedule-index page (date, duration, port sequence, interior per-person price) plus the official voyage deep link. Snapshot ≠ live quote; cabin class, taxes/fees and availability must be confirmed on the official page.",https://www.google.com/travel/flights?q=Flights%20from%20SFO%20to%20LAX%202027-03-12%2C%20return%202027-03-22%20for%202%20adults
LA-81,Carnival Panorama — 6-Day Mexican Riviera,Carnival Cruise Line,2027-03-21,6 nights,"Long Beach (Los Angeles), CA",Cabo San Lucas; Ensenada,$938,Interior snapshot $469/person; total is 2 × snapshot (re-confirmed unchanged 2026-08-28 pass 2),"CruiseTimetables per-sailing index + official line voyage deep link (pass 2, 2026-08-28)",https://www.carnival.com/itinerary/6-day-mexican-riviera-cruise/long-beach-los-angeles/panorama/6-days/mrx/?sailDate=03212027,"Official Cruise Deals page (accessed 2026-08-28, ends Aug 31 2026 unless noted): Sail Away Soon Pack & Go Sale — up to 55% off, select sailings through Feb 2027; Early Saver Bonus — $1 room upgrade, save up to $1,100/room, deposits from $49pp, up to $50 onboard credit, sailings through Apr 2029; More Time, More Perks — 50% off deposits, up to 40% off, final payment 30 days out, sailings through May 2027; Free 3rd & 4th Guest Sale (cabins of 3+, through May 2027). Sailing-specific applicability not verified: carnival.com/cruise-deals",VERIFIED PASS 2 · 2026-08-28 — Schedule + price snapshot (line-by-line),https://www.cruisetimetables.com/cruisesoncarnivalpanorama-21mar2027.html,2027-03-20,2027-03-28,SFO → LAX → SFO,$408 planning estimate,KAYAK route data: KAYAK route data (page accessed 2026-08-28): planning basis $204/person round trip (≈ midpoint of typical range $138–$272); cheapest round-trip observed $89,https://www.kayak.com/flight-routes/San-Francisco-SFO/Los-Angeles-LAX,"$1,346","Cruise snapshot + 2-adult flight planning estimate (SFO out the day before, back the day after); live quotes required for both.",USD,"Re-verified line by line 2026-08-28 (pass 2) against the sailing's own schedule-index page (date, duration, port sequence, interior per-person price) plus the official voyage deep link. Snapshot ≠ live quote; cabin class, taxes/fees and availability must be confirmed on the official page.",https://www.google.com/travel/flights?q=Flights%20from%20SFO%20to%20LAX%202027-03-20%2C%20return%202027-03-28%20for%202%20adults
LA-82,Carnival Panorama — 8-Day Mexican Riviera,Carnival Cruise Line,2027-03-27,8 nights,"Long Beach (Los Angeles), CA",Puerto Vallarta; Mazatlán; La Paz; Cabo San Lucas,"$1,406",Interior snapshot $703/person; total is 2 × snapshot (re-confirmed unchanged 2026-08-28 pass 2),"CruiseTimetables per-sailing index + official line voyage deep link (pass 2, 2026-08-28)",https://www.carnival.com/itinerary/8-day-mexican-riviera-cruise/long-beach-los-angeles/panorama/8-days/mrx/?sailDate=03272027,"Official Cruise Deals page (accessed 2026-08-28, ends Aug 31 2026 unless noted): Sail Away Soon Pack & Go Sale — up to 55% off, select sailings through Feb 2027; Early Saver Bonus — $1 room upgrade, save up to $1,100/room, deposits from $49pp, up to $50 onboard credit, sailings through Apr 2029; More Time, More Perks — 50% off deposits, up to 40% off, final payment 30 days out, sailings through May 2027; Free 3rd & 4th Guest Sale (cabins of 3+, through May 2027). Sailing-specific applicability not verified: carnival.com/cruise-deals",VERIFIED PASS 2 · 2026-08-28 — Schedule + price snapshot (line-by-line),https://www.cruisetimetables.com/cruisesoncarnivalpanorama-27mar2027.html,2027-03-26,2027-04-05,SFO → LAX → SFO,$408 planning estimate,KAYAK route data: KAYAK route data (page accessed 2026-08-28): planning basis $204/person round trip (≈ midpoint of typical range $138–$272); cheapest round-trip observed $89,https://www.kayak.com/flight-routes/San-Francisco-SFO/Los-Angeles-LAX,"$1,814","Cruise snapshot + 2-adult flight planning estimate (SFO out the day before, back the day after); live quotes required for both.",USD,"Re-verified line by line 2026-08-28 (pass 2) against the sailing's own schedule-index page (date, duration, port sequence, interior per-person price) plus the official voyage deep link. Snapshot ≠ live quote; cabin class, taxes/fees and availability must be confirmed on the official page.",https://www.google.com/travel/flights?q=Flights%20from%20SFO%20to%20LAX%202027-03-26%2C%20return%202027-04-05%20for%202%20adults
LA-83,Carnival Radiance — 5-Day Mexican Riviera,Carnival Cruise Line,2027-03-04,5 nights,"Long Beach (Los Angeles), CA",Cabo San Lucas; Ensenada,$784,Interior snapshot $392/person; total is 2 × snapshot (re-confirmed unchanged 2026-08-28 pass 2),"CruiseTimetables per-sailing index + official line voyage deep link (pass 2, 2026-08-28)",https://www.carnival.com/itinerary/5-day-mexican-riviera-cruise/long-beach-los-angeles/radiance/5-days/mrp/?sailDate=03042027,"Official Cruise Deals page (accessed 2026-08-28, ends Aug 31 2026 unless noted): Sail Away Soon Pack & Go Sale — up to 55% off, select sailings through Feb 2027; Early Saver Bonus — $1 room upgrade, save up to $1,100/room, deposits from $49pp, up to $50 onboard credit, sailings through Apr 2029; More Time, More Perks — 50% off deposits, up to 40% off, final payment 30 days out, sailings through May 2027; Free 3rd & 4th Guest Sale (cabins of 3+, through May 2027). Sailing-specific applicability not verified: carnival.com/cruise-deals",VERIFIED PASS 2 · 2026-08-28 — Schedule + price snapshot (line-by-line),https://www.cruisetimetables.com/cruisesoncarnivalradiance-04mar2027.html,2027-03-03,2027-03-10,SFO → LAX → SFO,$408 planning estimate,KAYAK route data: KAYAK route data (page accessed 2026-08-28): planning basis $204/person round trip (≈ midpoint of typical range $138–$272); cheapest round-trip observed $89,https://www.kayak.com/flight-routes/San-Francisco-SFO/Los-Angeles-LAX,"$1,192","Cruise snapshot + 2-adult flight planning estimate (SFO out the day before, back the day after); live quotes required for both.",USD,"Re-verified line by line 2026-08-28 (pass 2) against the sailing's own schedule-index page (date, duration, port sequence, interior per-person price) plus the official voyage deep link. Snapshot ≠ live quote; cabin class, taxes/fees and availability must be confirmed on the official page.",https://www.google.com/travel/flights?q=Flights%20from%20SFO%20to%20LAX%202027-03-03%2C%20return%202027-03-10%20for%202%20adults
LA-84,Carnival Radiance — 5-Day Mexican Riviera,Carnival Cruise Line,2027-03-09,5 nights,"Long Beach (Los Angeles), CA",Cabo San Lucas; Ensenada,$802,Interior snapshot $401/person; total is 2 × snapshot (re-confirmed unchanged 2026-08-28 pass 2),"CruiseTimetables per-sailing index + official line voyage deep link (pass 2, 2026-08-28)",https://www.carnival.com/itinerary/5-day-mexican-riviera-cruise/long-beach-los-angeles/radiance/5-days/mrq/?sailDate=03092027,"Official Cruise Deals page (accessed 2026-08-28, ends Aug 31 2026 unless noted): Sail Away Soon Pack & Go Sale — up to 55% off, select sailings through Feb 2027; Early Saver Bonus — $1 room upgrade, save up to $1,100/room, deposits from $49pp, up to $50 onboard credit, sailings through Apr 2029; More Time, More Perks — 50% off deposits, up to 40% off, final payment 30 days out, sailings through May 2027; Free 3rd & 4th Guest Sale (cabins of 3+, through May 2027). Sailing-specific applicability not verified: carnival.com/cruise-deals",VERIFIED PASS 2 · 2026-08-28 — Schedule + price snapshot (line-by-line),https://www.cruisetimetables.com/cruisesoncarnivalradiance-09mar2027.html,2027-03-08,2027-03-15,SFO → LAX → SFO,$408 planning estimate,KAYAK route data: KAYAK route data (page accessed 2026-08-28): planning basis $204/person round trip (≈ midpoint of typical range $138–$272); cheapest round-trip observed $89,https://www.kayak.com/flight-routes/San-Francisco-SFO/Los-Angeles-LAX,"$1,210","Cruise snapshot + 2-adult flight planning estimate (SFO out the day before, back the day after); live quotes required for both.",USD,"Re-verified line by line 2026-08-28 (pass 2) against the sailing's own schedule-index page (date, duration, port sequence, interior per-person price) plus the official voyage deep link. Snapshot ≠ live quote; cabin class, taxes/fees and availability must be confirmed on the official page.",https://www.google.com/travel/flights?q=Flights%20from%20SFO%20to%20LAX%202027-03-08%2C%20return%202027-03-15%20for%202%20adults
LA-85,Carnival Radiance — 14-Day Hawaii,Carnival Cruise Line,2027-03-14,14 nights,"Long Beach (Los Angeles), CA",Kahului (Maui); Honolulu (Oahu); Nawiliwili (Kauai); Hilo; Ensenada,"$2,556","Interior snapshot $1,278/person; total is 2 × snapshot (re-confirmed unchanged 2026-08-28 pass 2)","CruiseTimetables per-sailing index + official line voyage deep link (pass 2, 2026-08-28)",https://www.carnival.com/itinerary/14-day-hawaii-cruise/long-beach-los-angeles/radiance/14-days/jht/?sailDate=03142027,"Official Cruise Deals page (accessed 2026-08-28, ends Aug 31 2026 unless noted): Sail Away Soon Pack & Go Sale — up to 55% off, select sailings through Feb 2027; Early Saver Bonus — $1 room upgrade, save up to $1,100/room, deposits from $49pp, up to $50 onboard credit, sailings through Apr 2029; More Time, More Perks — 50% off deposits, up to 40% off, final payment 30 days out, sailings through May 2027; Free 3rd & 4th Guest Sale (cabins of 3+, through May 2027). Sailing-specific applicability not verified: carnival.com/cruise-deals",VERIFIED PASS 2 · 2026-08-28 — Schedule + price snapshot (line-by-line),https://www.cruisetimetables.com/cruisesoncarnivalradiance-14mar2027.html,2027-03-13,2027-03-29,SFO → LAX → SFO,$408 planning estimate,KAYAK route data: KAYAK route data (page accessed 2026-08-28): planning basis $204/person round trip (≈ midpoint of typical range $138–$272); cheapest round-trip observed $89,https://www.kayak.com/flight-routes/San-Francisco-SFO/Los-Angeles-LAX,"$2,964","Cruise snapshot + 2-adult flight planning estimate (SFO out the day before, back the day after); live quotes required for both.",USD,"Re-verified line by line 2026-08-28 (pass 2) against the sailing's own schedule-index page (date, duration, port sequence, interior per-person price) plus the official voyage deep link. Snapshot ≠ live quote; cabin class, taxes/fees and availability must be confirmed on the official page.",https://www.google.com/travel/flights?q=Flights%20from%20SFO%20to%20LAX%202027-03-13%2C%20return%202027-03-29%20for%202%20adults
LA-86,Carnival Radiance — 4-Day Baja Mexico,Carnival Cruise Line,2027-03-28,4 nights,"Long Beach (Los Angeles), CA",Catalina Island; Ensenada,$970,Interior snapshot $485/person; total is 2 × snapshot (re-confirmed unchanged 2026-08-28 pass 2),"CruiseTimetables per-sailing index + official line voyage deep link (pass 2, 2026-08-28)",https://www.carnival.com/itinerary/4-day-baja-mexico-cruise/long-beach-los-angeles/radiance/4-days/lxn/?sailDate=03282027,"Official Cruise Deals page (accessed 2026-08-28, ends Aug 31 2026 unless noted): Sail Away Soon Pack & Go Sale — up to 55% off, select sailings through Feb 2027; Early Saver Bonus — $1 room upgrade, save up to $1,100/room, deposits from $49pp, up to $50 onboard credit, sailings through Apr 2029; More Time, More Perks — 50% off deposits, up to 40% off, final payment 30 days out, sailings through May 2027; Free 3rd & 4th Guest Sale (cabins of 3+, through May 2027). Sailing-specific applicability not verified: carnival.com/cruise-deals",VERIFIED PASS 2 · 2026-08-28 — Schedule + price snapshot (line-by-line),https://www.cruisetimetables.com/cruisesoncarnivalradiance-28mar2027.html,2027-03-27,2027-04-02,SFO → LAX → SFO,$408 planning estimate,KAYAK route data: KAYAK route data (page accessed 2026-08-28): planning basis $204/person round trip (≈ midpoint of typical range $138–$272); cheapest round-trip observed $89,https://www.kayak.com/flight-routes/San-Francisco-SFO/Los-Angeles-LAX,"$1,378","Cruise snapshot + 2-adult flight planning estimate (SFO out the day before, back the day after); live quotes required for both.",USD,"Re-verified line by line 2026-08-28 (pass 2) against the sailing's own schedule-index page (date, duration, port sequence, interior per-person price) plus the official voyage deep link. Snapshot ≠ live quote; cabin class, taxes/fees and availability must be confirmed on the official page.",https://www.google.com/travel/flights?q=Flights%20from%20SFO%20to%20LAX%202027-03-27%2C%20return%202027-04-02%20for%202%20adults
SD-51,"Serenade of the Seas — 7-Night Ensenada, Cabo & Mazatlán",Royal Caribbean,2027-02-28,7 nights,"San Diego, CA",Ensenada; Cabo San Lucas; Mazatlán,"$1,038",Interior snapshot $519/person; total is 2 × snapshot (re-confirmed unchanged 2026-08-28 pass 2),"CruiseTimetables per-sailing index + official line voyage deep link (pass 2, 2026-08-28)","https://www.royalcaribbean.com/cruises/itinerary/7-night-ensenada,-cabo-mazatlan-from-san-diego-on-serenade/SR07SAN-3702601301?sail-date=2027-02-28&currency=USD",Official deals page (accessed 2026-08-28): Mexico sailings from LA advertised from $289; 2026 last-minute deals from $299; Kids Sail Free on select sailings; resident / 55+ / military / police & EMT rates. Sailing-specific applicability not verified: royalcaribbean.com/cruise-deals,VERIFIED PASS 2 · 2026-08-28 — Schedule + price snapshot (line-by-line),https://www.cruisetimetables.com/cruisesonserenadeoftheseas-28feb2027.html,2027-02-27,2027-03-08,SFO → SAN → SFO,$312 planning estimate,KAYAK route data: KAYAK route data (page accessed 2026-08-28): planning basis $156/person round trip; typical range $134–$287; cheapest round-trip observed $78,https://www.kayak.com/flight-routes/San-Francisco-SFO/San-Diego-SAN,"$1,350","Cruise snapshot + 2-adult flight planning estimate (SFO out the day before, back the day after); live quotes required for both.",USD,"Re-verified line by line 2026-08-28 (pass 2) against the sailing's own schedule-index page (date, duration, port sequence, interior per-person price) plus the official voyage deep link. Snapshot ≠ live quote; cabin class, taxes/fees and availability must be confirmed on the official page.",https://www.google.com/travel/flights?q=Flights%20from%20SFO%20to%20SAN%202027-02-27%2C%20return%202027-03-08%20for%202%20adults
SD-52,Disney Wonder — 4-Night Baja,Disney Cruise Line,2027-03-08,4 nights,"San Diego, CA",Ensenada,"$3,748","Interior snapshot $1,874/person; total is 2 × snapshot (re-confirmed unchanged 2026-08-28 pass 2)","CruiseTimetables per-sailing index + official line voyage deep link (pass 2, 2026-08-28)",https://disneycruise.disney.go.com/cruises-destinations/list/DW2242/4-Night-Baja-Cruise-from-San-Diego/2027-03-08-Disney-Wonder/,No sailing-specific promo for these 2027 Baja sailings found in indexed sources (accessed 2026-08-28). DCL publishes periodic resident / military / restricted-fare offers; check the official Special Offers page before booking,VERIFIED PASS 2 · 2026-08-28 — Schedule + price snapshot (line-by-line),https://www.cruisetimetables.com/cruisesondisneywonder-08mar2027.html,2027-03-07,2027-03-13,SFO → SAN → SFO,$312 planning estimate,KAYAK route data: KAYAK route data (page accessed 2026-08-28): planning basis $156/person round trip; typical range $134–$287; cheapest round-trip observed $78,https://www.kayak.com/flight-routes/San-Francisco-SFO/San-Diego-SAN,"$4,060","Cruise snapshot + 2-adult flight planning estimate (SFO out the day before, back the day after); live quotes required for both.",USD,"Re-verified line by line 2026-08-28 (pass 2) against the sailing's own schedule-index page (date, duration, port sequence, interior per-person price) plus the official voyage deep link. Snapshot ≠ live quote; cabin class, taxes/fees and availability must be confirmed on the official page.",https://www.google.com/travel/flights?q=Flights%20from%20SFO%20to%20SAN%202027-03-07%2C%20return%202027-03-13%20for%202%20adults
SD-53,Koningsdam — 7-Night Mexican Riviera,Holland America Line,2027-03-27,7 nights,"San Diego, CA",Cabo San Lucas; Mazatlán; Puerto Vallarta,"$2,298","Interior snapshot $1,149/person; total is 2 × snapshot (re-confirmed unchanged 2026-08-28 pass 2)","CruiseTimetables per-sailing index + official line voyage deep link (pass 2, 2026-08-28)",https://www.hollandamerica.com/en/us/find-a-cruise/m7r07a/k718a,"Official site (accessed 2026-08-28): 'Save on Sunshine' up to 40% off + up to $400 onboard credit (Mexico eligible; book by Aug 31, 2026); 'Have It All' Early Booking Bonus on select 2027 fares. Sailing-specific applicability not verified: hollandamerica.com",VERIFIED PASS 2 · 2026-08-28 — Schedule + price snapshot (line-by-line),https://www.cruisetimetables.com/cruisesonkoningsdam-27mar2027.html,2027-03-26,2027-04-04,SFO → SAN → SFO,$312 planning estimate,KAYAK route data: KAYAK route data (page accessed 2026-08-28): planning basis $156/person round trip; typical range $134–$287; cheapest round-trip observed $78,https://www.kayak.com/flight-routes/San-Francisco-SFO/San-Diego-SAN,"$2,610","Cruise snapshot + 2-adult flight planning estimate (SFO out the day before, back the day after); live quotes required for both.",USD,"Re-verified line by line 2026-08-28 (pass 2) against the sailing's own schedule-index page (date, duration, port sequence, interior per-person price) plus the official voyage deep link. Snapshot ≠ live quote; cabin class, taxes/fees and availability must be confirmed on the official page.",https://www.google.com/travel/flights?q=Flights%20from%20SFO%20to%20SAN%202027-03-26%2C%20return%202027-04-04%20for%202%20adults
SD-54,Koningsdam — 11-Night Mexican Riviera & Pacific Coast (ends Vancouver),Holland America Line,2027-03-27,11 nights,"San Diego, CA",Cabo San Lucas; Mazatlán; Puerto Vallarta; San Diego; Victoria; Vancouver,"$2,398","Interior snapshot $1,199/person; total is 2 × snapshot (re-confirmed unchanged 2026-08-28 pass 2)","CruiseTimetables per-sailing index + official line voyage deep link (pass 2, 2026-08-28)",https://www.hollandamerica.com/en/us/find-a-cruise/m7r11a/k718,"Official site (accessed 2026-08-28): 'Save on Sunshine' up to 40% off + up to $400 onboard credit (Mexico eligible; book by Aug 31, 2026); 'Have It All' Early Booking Bonus on select 2027 fares. Sailing-specific applicability not verified: hollandamerica.com",VERIFIED PASS 2 · 2026-08-28 — Schedule + price snapshot (line-by-line),https://www.cruisetimetables.com/cruisesonkoningsdam-27mar2027.html,2027-03-26,2027-04-08,SFO → SAN one-way; YVR → SFO return,$570 planning estimate,"KAYAK route data: Open-jaw planning estimate $570/2 adults: SFO→SAN one-way basis $75pp (KAYAK one-way deals observed $48–$79) + YVR→SFO one-way basis $210pp (KAYAK cheapest one-way $155, typical $137–$290); route pages accessed 2026-08-28",https://www.kayak.com/flight-routes/Vancouver-Intl-YVR/San-Francisco-SFO,"$2,968","Cruise snapshot + 2-adult flight planning estimate (SFO out the day before, back the day after); live quotes required for both.",USD,"Re-verified line by line 2026-08-28 (pass 2) against the sailing's own schedule-index page (date, duration, port sequence, interior per-person price) plus the official voyage deep link. Snapshot ≠ live quote; cabin class, taxes/fees and availability must be confirmed on the official page.",https://www.google.com/travel/flights?q=One-way%20flights%20SFO%20to%20SAN%202027-03-26%2C%20then%20YVR%20to%20SFO%202027-04-08%20for%202%20adults
SD-55,"Koningsdam — 28-Night Mexico Riviera, Pacific Coastal & Circle Hawaii (ends Vancouver)",Holland America Line,2027-03-27,28 nights,"San Diego, CA",Cabo San Lucas; Mazatlán; Puerto Vallarta; San Diego; Victoria; Vancouver; Nawiliwili (Kauai); Honolulu (Oahu); Kailua Kona; Kahului (Maui); Hilo; Vancouver,"$6,368","Interior snapshot $3,184/person; total is 2 × snapshot (re-confirmed unchanged 2026-08-28 pass 2)","CruiseTimetables per-sailing index + official line voyage deep link (pass 2, 2026-08-28)",https://www.hollandamerica.com/en/us/find-a-cruise/h7h28a/k718b,"Official site (accessed 2026-08-28): 'Save on Sunshine' up to 40% off + up to $400 onboard credit (Mexico eligible; book by Aug 31, 2026); 'Have It All' Early Booking Bonus on select 2027 fares. Sailing-specific applicability not verified: hollandamerica.com",VERIFIED PASS 2 · 2026-08-28 — Schedule + price snapshot (line-by-line),https://www.cruisetimetables.com/cruisesonkoningsdam-27mar2027.html,2027-03-26,2027-04-25,SFO → SAN one-way; YVR → SFO return,$570 planning estimate,"KAYAK route data: Open-jaw planning estimate $570/2 adults: SFO→SAN one-way basis $75pp (KAYAK one-way deals observed $48–$79) + YVR→SFO one-way basis $210pp (KAYAK cheapest one-way $155, typical $137–$290); route pages accessed 2026-08-28",https://www.kayak.com/flight-routes/Vancouver-Intl-YVR/San-Francisco-SFO,"$6,938","Cruise snapshot + 2-adult flight planning estimate (SFO out the day before, back the day after); live quotes required for both.",USD,"Re-verified line by line 2026-08-28 (pass 2) against the sailing's own schedule-index page (date, duration, port sequence, interior per-person price) plus the official voyage deep link. Snapshot ≠ live quote; cabin class, taxes/fees and availability must be confirmed on the official page.",https://www.google.com/travel/flights?q=One-way%20flights%20SFO%20to%20SAN%202027-03-26%2C%20then%20YVR%20to%20SFO%202027-04-25%20for%202%20adults
SD-56,Zaandam — 7-Night Mexican Riviera,Holland America Line,2027-03-28,7 nights,"San Diego, CA",Puerto Vallarta; Mazatlán; Cabo San Lucas,"$1,798",Interior snapshot $899/person; total is 2 × snapshot (re-confirmed unchanged 2026-08-28 pass 2),"CruiseTimetables per-sailing index + official line voyage deep link (pass 2, 2026-08-28)",https://www.hollandamerica.com/en/us/find-a-cruise/m7r07d/x719,"Official site (accessed 2026-08-28): 'Save on Sunshine' up to 40% off + up to $400 onboard credit (Mexico eligible; book by Aug 31, 2026); 'Have It All' Early Booking Bonus on select 2027 fares. Sailing-specific applicability not verified: hollandamerica.com",VERIFIED PASS 2 · 2026-08-28 — Schedule + price snapshot (line-by-line),https://www.cruisetimetables.com/cruisesonzaandam-28mar2027.html,2027-03-27,2027-04-05,SFO → SAN → SFO,$312 planning estimate,KAYAK route data: KAYAK route data (page accessed 2026-08-28): planning basis $156/person round trip; typical range $134–$287; cheapest round-trip observed $78,https://www.kayak.com/flight-routes/San-Francisco-SFO/San-Diego-SAN,"$2,110","Cruise snapshot + 2-adult flight planning estimate (SFO out the day before, back the day after); live quotes required for both.",USD,"Re-verified line by line 2026-08-28 (pass 2) against the sailing's own schedule-index page (date, duration, port sequence, interior per-person price) plus the official voyage deep link. Snapshot ≠ live quote; cabin class, taxes/fees and availability must be confirmed on the official page.",https://www.google.com/travel/flights?q=Flights%20from%20SFO%20to%20SAN%202027-03-27%2C%20return%202027-04-05%20for%202%20adults
